-- --------------------------------------------------------
-- Host:                         127.0.0.1
-- Server version:               10.2.17-MariaDB - mariadb.org binary distribution
-- Server OS:                    Win64
-- HeidiSQL Version:             9.4.0.5125
-- --------------------------------------------------------

/*!40101 SET @OLD_CHARACTER_SET_CLIENT=@@CHARACTER_SET_CLIENT */;
/*!40101 SET NAMES utf8 */;
/*!50503 SET NAMES utf8mb4 */;
/*!40014 SET @OLD_FOREIGN_KEY_CHECKS=@@FOREIGN_KEY_CHECKS, FOREIGN_KEY_CHECKS=0 */;
/*!40101 SET @OLD_SQL_MODE=@@SQL_MODE, SQL_MODE='NO_AUTO_VALUE_ON_ZERO' */;


-- Dumping database structure for ecologi
CREATE DATABASE IF NOT EXISTS `ecologi` /*!40100 DEFAULT CHARACTER SET utf16 */;
USE `ecologi`;

-- Dumping structure for table ecologi.accessories
CREATE TABLE IF NOT EXISTS `accessories` (
  `AccessoriesId` int(11) NOT NULL AUTO_INCREMENT,
  `Name` varchar(255) NOT NULL,
  `Price` decimal(9,4) NOT NULL,
  PRIMARY KEY (`AccessoriesId`)
) ENGINE=InnoDB AUTO_INCREMENT=10 DEFAULT CHARSET=utf16;

-- Dumping data for table ecologi.accessories: ~9 rows (approximately)
/*!40000 ALTER TABLE `accessories` DISABLE KEYS */;
INSERT INTO `accessories` (`AccessoriesId`, `Name`, `Price`) VALUES
	(1, 'Whiteboard', 10.0000),
	(2, 'Projector', 20.0000),
	(3, 'Coffee Machine', 15.0000),
	(4, '1GBit internet', 25.0000),
	(5, 'Tea with sugar', 5.0000),
	(6, 'TV', 50.0000),
	(7, 'Masseuse', 100.0000),
	(8, 'xBox', 50.0000),
	(9, 'Fresh food', 75.0000);
/*!40000 ALTER TABLE `accessories` ENABLE KEYS */;

-- Dumping structure for table ecologi.aspnetroleclaims
CREATE TABLE IF NOT EXISTS `aspnetroleclaims` (
  `AspNetRoleClaimId` int(11) NOT NULL AUTO_INCREMENT,
  `RoleId` int(11) NOT NULL,
  `ClaimType` longtext DEFAULT NULL,
  `ClaimValue` longtext DEFAULT NULL,
  PRIMARY KEY (`AspNetRoleClaimId`),
  KEY `IX_AspNetRoleClaims_RoleId` (`RoleId`),
  CONSTRAINT `FK_AspNetRoleClaims_Roles_RoleId` FOREIGN KEY (`RoleId`) REFERENCES `roles` (`roleid`) ON DELETE CASCADE
) ENGINE=InnoDB DEFAULT CHARSET=utf8;

-- Dumping data for table ecologi.aspnetroleclaims: ~0 rows (approximately)
/*!40000 ALTER TABLE `aspnetroleclaims` DISABLE KEYS */;
/*!40000 ALTER TABLE `aspnetroleclaims` ENABLE KEYS */;

-- Dumping structure for table ecologi.aspnetuserclaims
CREATE TABLE IF NOT EXISTS `aspnetuserclaims` (
  `ClaimId` int(11) NOT NULL AUTO_INCREMENT,
  `UserId` int(11) NOT NULL,
  `ClaimType` longtext DEFAULT NULL,
  `ClaimValue` longtext DEFAULT NULL,
  PRIMARY KEY (`ClaimId`),
  KEY `IX_AspNetUserClaims_UserId` (`UserId`),
  CONSTRAINT `FK_AspNetUserClaims_Users_UserId` FOREIGN KEY (`UserId`) REFERENCES `users` (`userid`) ON DELETE CASCADE
) ENGINE=InnoDB DEFAULT CHARSET=utf8;

-- Dumping data for table ecologi.aspnetuserclaims: ~0 rows (approximately)
/*!40000 ALTER TABLE `aspnetuserclaims` DISABLE KEYS */;
/*!40000 ALTER TABLE `aspnetuserclaims` ENABLE KEYS */;

-- Dumping structure for table ecologi.aspnetuserlogins
CREATE TABLE IF NOT EXISTS `aspnetuserlogins` (
  `LoginProvider` varchar(255) NOT NULL,
  `ProviderKey` varchar(255) NOT NULL,
  `ProviderDisplayName` longtext DEFAULT NULL,
  `UserId` int(11) NOT NULL,
  PRIMARY KEY (`LoginProvider`,`ProviderKey`),
  KEY `IX_AspNetUserLogins_UserId` (`UserId`),
  CONSTRAINT `FK_AspNetUserLogins_Users_UserId` FOREIGN KEY (`UserId`) REFERENCES `users` (`userid`) ON DELETE CASCADE
) ENGINE=InnoDB DEFAULT CHARSET=utf8;

-- Dumping data for table ecologi.aspnetuserlogins: ~0 rows (approximately)
/*!40000 ALTER TABLE `aspnetuserlogins` DISABLE KEYS */;
/*!40000 ALTER TABLE `aspnetuserlogins` ENABLE KEYS */;

-- Dumping structure for table ecologi.aspnetuserroles
CREATE TABLE IF NOT EXISTS `aspnetuserroles` (
  `AspNetUserId` int(11) NOT NULL,
  `RoleId` int(11) NOT NULL,
  KEY `IX_AspNetUserRoles_RoleId` (`RoleId`),
  KEY `FK_AspNetUserRoles_Users_AspNetUserId` (`AspNetUserId`),
  CONSTRAINT `FK_AspNetUserRoles_Roles_RoleId` FOREIGN KEY (`RoleId`) REFERENCES `roles` (`roleid`) ON DELETE CASCADE,
  CONSTRAINT `FK_AspNetUserRoles_Users_AspNetUserId` FOREIGN KEY (`AspNetUserId`) REFERENCES `users` (`userid`) ON DELETE CASCADE
) ENGINE=InnoDB DEFAULT CHARSET=utf8;

-- Dumping data for table ecologi.aspnetuserroles: ~6 rows (approximately)
/*!40000 ALTER TABLE `aspnetuserroles` DISABLE KEYS */;
INSERT INTO `aspnetuserroles` (`AspNetUserId`, `RoleId`) VALUES
	(19, 1),
	(20, 3),
	(22, 3),
	(23, 3),
	(24, 3),
	(25, 3);
/*!40000 ALTER TABLE `aspnetuserroles` ENABLE KEYS */;

-- Dumping structure for table ecologi.aspnetusertoken
CREATE TABLE IF NOT EXISTS `aspnetusertoken` (
  `UserId` int(11) NOT NULL,
  `LoginProvider` varchar(255) NOT NULL,
  `Name` varchar(255) NOT NULL,
  `Value` longtext DEFAULT NULL,
  PRIMARY KEY (`UserId`,`LoginProvider`,`Name`),
  CONSTRAINT `FK_AspNetUserToken_Users_UserId` FOREIGN KEY (`UserId`) REFERENCES `users` (`userid`) ON DELETE CASCADE
) ENGINE=InnoDB DEFAULT CHARSET=utf8;

-- Dumping data for table ecologi.aspnetusertoken: ~0 rows (approximately)
/*!40000 ALTER TABLE `aspnetusertoken` DISABLE KEYS */;
/*!40000 ALTER TABLE `aspnetusertoken` ENABLE KEYS */;

-- Dumping structure for table ecologi.contracts
CREATE TABLE IF NOT EXISTS `contracts` (
  `ContractId` int(11) NOT NULL AUTO_INCREMENT,
  `UserId` int(11) NOT NULL,
  `TransactionId` int(11) DEFAULT NULL,
  `AccessoriesList` varchar(255) NOT NULL,
  `Status` tinyint(4) NOT NULL,
  PRIMARY KEY (`ContractId`),
  UNIQUE KEY `ContractId_UNIQUE` (`ContractId`),
  KEY `FK_Contracts_UserId_idx` (`UserId`),
  KEY `FK_Contracts_TransactionId_idx` (`TransactionId`),
  CONSTRAINT `FK_Contracts_UserId` FOREIGN KEY (`UserId`) REFERENCES `users` (`UserId`) ON DELETE NO ACTION ON UPDATE NO ACTION
) ENGINE=InnoDB AUTO_INCREMENT=21 DEFAULT CHARSET=utf8;

-- Dumping data for table ecologi.contracts: ~13 rows (approximately)
/*!40000 ALTER TABLE `contracts` DISABLE KEYS */;
INSERT INTO `contracts` (`ContractId`, `UserId`, `TransactionId`, `AccessoriesList`, `Status`) VALUES
	(1, 19, NULL, '', 0),
	(2, 19, NULL, '', 0),
	(3, 20, NULL, '', 0),
	(4, 20, NULL, '', 0),
	(5, 19, NULL, '', 0),
	(6, 19, NULL, '', 0),
	(7, 20, NULL, '', 0),
	(8, 20, NULL, '', 0),
	(9, 20, NULL, '', 0),
	(10, 20, NULL, '', 0),
	(11, 20, NULL, '', 0),
	(12, 20, NULL, '', 0),
	(19, 19, NULL, '', 0),
	(20, 19, NULL, '6', 0);
/*!40000 ALTER TABLE `contracts` ENABLE KEYS */;

-- Dumping structure for table ecologi.contractstimerange
CREATE TABLE IF NOT EXISTS `contractstimerange` (
  `Id` int(11) NOT NULL AUTO_INCREMENT,
  `ContractId` int(11) NOT NULL,
  `EntityId` int(11) NOT NULL,
  `StartDate` datetime NOT NULL,
  `EndDate` datetime NOT NULL,
  `Title` varchar(255) DEFAULT NULL,
  PRIMARY KEY (`Id`),
  KEY `FK_Contractstimerange_EntityId_idx` (`EntityId`),
  KEY `FK_Contractstimerange_ContractId_idx` (`ContractId`),
  CONSTRAINT `FK_Contractstimerange_ContractId` FOREIGN KEY (`ContractId`) REFERENCES `contracts` (`ContractId`) ON DELETE NO ACTION ON UPDATE NO ACTION,
  CONSTRAINT `FK_Contractstimerange_EntityId` FOREIGN KEY (`EntityId`) REFERENCES `entities` (`EntityId`) ON DELETE NO ACTION ON UPDATE NO ACTION
) ENGINE=InnoDB AUTO_INCREMENT=2251 DEFAULT CHARSET=utf16;

-- Dumping data for table ecologi.contractstimerange: ~13 rows (approximately)
/*!40000 ALTER TABLE `contractstimerange` DISABLE KEYS */;
INSERT INTO `contractstimerange` (`Id`, `ContractId`, `EntityId`, `StartDate`, `EndDate`, `Title`) VALUES
	(1, 1, 1, '2018-08-01 00:00:00', '2019-08-01 00:00:00', NULL),
	(2, 2, 2, '2018-08-01 00:00:00', '2018-12-30 23:59:59', NULL),
	(3, 3, 4, '2018-09-05 12:00:00', '2019-01-05 15:00:00', NULL),
	(4, 4, 14, '2018-09-05 12:00:00', '2018-12-31 23:59:59', NULL),
	(5, 5, 13, '2018-08-01 00:00:00', '2019-08-01 00:00:00', NULL),
	(6, 6, 12, '2018-08-01 00:00:00', '2019-08-01 00:00:00', NULL),
	(7, 7, 15, '2018-10-05 12:00:00', '2018-12-31 23:59:59', NULL),
	(8, 8, 16, '2018-11-05 12:00:00', '2018-12-31 23:59:59', NULL),
	(9, 9, 17, '2018-12-05 12:00:00', '2019-04-28 23:59:59', NULL),
	(10, 10, 76, '2017-12-05 12:00:00', '2019-04-28 23:59:59', NULL),
	(11, 11, 75, '2017-12-05 12:00:00', '2018-12-28 23:59:59', NULL),
	(12, 12, 74, '2017-12-05 12:00:00', '2018-11-28 23:59:59', NULL),
	(2248, 19, 10, '2018-11-21 09:00:00', '2018-11-21 11:30:00', NULL),
	(2249, 20, 11, '2018-12-25 09:00:00', '2018-12-25 23:00:00', ''),
	(2250, 20, 11, '2018-12-26 09:00:00', '2018-12-26 23:00:00', '');
/*!40000 ALTER TABLE `contractstimerange` ENABLE KEYS */;

-- Dumping structure for procedure ecologi.contractstimerange_getEntityMonthlyOccupancy
DELIMITER //
CREATE DEFINER=`root`@`localhost` PROCEDURE `contractstimerange_getEntityMonthlyOccupancy`(officeId int, start_date DATE, end_date DATE)
BEGIN
    
CALL helper_fillCalendarRange(start_date, end_date);

SELECT month.datefield as `Month`, COUNT(distinct `c`.EntityId) as `Count`
FROM  contractstimerange as `c`
	inner join entities as `e` ON `e`.EntityId = `c`.EntityId and `e`.OfficeId = officeId
	right join calendarRange AS month ON `c`.StartDate <= LAST_DAY(month.datefield) AND month.datefield <= `c`.EndDate
  
GROUP BY month.datefield;

END//
DELIMITER ;

-- Dumping structure for table ecologi.entities
CREATE TABLE IF NOT EXISTS `entities` (
  `EntityId` int(11) NOT NULL AUTO_INCREMENT,
  `OfficeId` int(11) NOT NULL,
  `TypeId` int(11) NOT NULL,
  `Placement` varchar(900) NOT NULL,
  `EntityNumber` varchar(10) NOT NULL DEFAULT '0',
  `ZoneId` int(11) NOT NULL DEFAULT 1,
  `AllowedAccessories` varchar(255) DEFAULT NULL,
  PRIMARY KEY (`EntityId`),
  KEY `FK_Entities_OfficeId_idx` (`OfficeId`),
  KEY `FK_Entities_TypeId_idx` (`TypeId`),
  KEY `FK_entities_ZoneId` (`ZoneId`),
  CONSTRAINT `FK_Entities_OfficeId` FOREIGN KEY (`OfficeId`) REFERENCES `offices` (`OfficeId`),
  CONSTRAINT `FK_Entities_TypeId` FOREIGN KEY (`TypeId`) REFERENCES `types` (`TypeId`),
  CONSTRAINT `FK_entities_ZoneId` FOREIGN KEY (`ZoneId`) REFERENCES `zone` (`id`)
) ENGINE=InnoDB AUTO_INCREMENT=85 DEFAULT CHARSET=utf8;

-- Dumping data for table ecologi.entities: ~84 rows (approximately)
/*!40000 ALTER TABLE `entities` DISABLE KEYS */;
INSERT INTO `entities` (`EntityId`, `OfficeId`, `TypeId`, `Placement`, `EntityNumber`, `ZoneId`, `AllowedAccessories`) VALUES
	(1, 1, 1, 'M 5,6 110,6 110,130 5,130 Z', '1', 1, '1, 2, 4, 5, 6, 8'),
	(2, 2, 2, 'M 5,6 110,6 110,130 5,130 Z', '1', 1, '1, 4, 5, 6, 8'),
	(3, 3, 3, 'M 5,6 110,6 110,130 5,130 Z', '1', 1, '1, 3, 4, 5'),
	(4, 4, 2, 'M 5,6 110,6 110,130 5,130 Z', '1', 1, '1, 2, 4, 6, 8'),
	(5, 1, 2, 'M 115,6 330,6 330,130 220,130 220,325 115,325 Z', '2', 1, '1, 2, 3, 4, 5, 6, 7, 8'),
	(6, 2, 4, 'M 115,6 330,6 330,130 220,130 220,325 115,325 Z', '2', 1, '6, 8'),
	(7, 2, 1, 'M 335,6 645,6 645,325 445,325 445,130 335,130 Z', '3', 1, '5, 6, 8'),
	(8, 1, 3, 'M 335,6 645,6 645,325 445,325 445,130 335,130 Z', '3', 1, '1, 2, 4, 5, 6, 8'),
	(9, 1, 1, 'M 5,200 110,200 110,325 5,325 Z', '4', 1, '1, 5, 6, 8'),
	(10, 5, 2, 'M 0,5 120,5 120,75 0,75 Z', '6', 5, '1, 3, 4, 5'),
	(11, 5, 2, 'M 0,80 90,80 90,170 0,170 Z', '7', 5, '1, 2, 6, 8'),
	(12, 5, 1, 'M 0,175 90,175 90,225 0,225 Z', '8', 5, '1, 2, 4, 8'),
	(13, 5, 1, 'M 0,230 90,230 90,300 0,300 Z ', '54', 5, '1, 2, 4, 5, 6, 8'),
	(14, 5, 1, 'M 0,305 90,305 90,375 0,375 Z ', '52', 5, '1, 2, 4, 5, 6, 8'),
	(15, 5, 1, 'M 0,380 90,380 90,435 0,435 Z ', '0', 1, '1, 2, 4, 5, 6, 7'),
	(16, 5, 1, 'M 0,440 90,440 90,420 155,420 155,505 0,505 Z', '50', 5, '1, 2, 4, 5, 6, 3'),
	(17, 5, 2, 'M 160,420 230,430 220,505 160,505  Z ', '0', 1, '1, 3, 4, 5, 6, 8'),
	(18, 5, 2, 'M 125,305 170,305 170,380, 125,380 Z', '53', 5, '1, 2, 3, 4, 5, 6, 7, 8'),
	(19, 5, 2, 'M 125,300 170,300 170,230 125,230 Z', '55', 5, '1, 2, 4, 5, 6'),
	(20, 5, 2, 'M 125,225 215,225 215,120 125,120 Z', '0', 1, '1, 5, 6, 8'),
	(21, 5, 1, 'M 125,115 215,115 215,5 125,5  Z ', '0', 1, '1, 2, 3, 4, 5, 6, 8'),
	(22, 5, 2, 'M 95,510, 165,510 165,580 95,580 Z ', '43', 4, '1, 2, 4, 5, 6, 7, 8'),
	(23, 5, 2, 'M 170,510, 220,510 220,580 170,580 Z ', '42', 4, '1, 2, 4, 5, 6, 8'),
	(24, 5, 1, 'M 0,510, 90,510 90,605 0,605 Z ', '44', 4, '2, 4, 5, 6, 8'),
	(25, 5, 1, 'M 0,610, 90,610 90,680 0,680 Z ', '45', 4, '1, 2, 4, 5, 6, 8'),
	(26, 5, 1, 'M 0,685, 90,685 90,775 0,775 Z ', '46', 4, '5, 6, 8, 7'),
	(27, 5, 1, 'M 0,780, 90,780 90,720 250,720 250,835 90,835 90,825 0,825 Z ', '47-48-49', 4, '1, 2, 4, 5, 6, 7, 8'),
	(28, 5, 3, 'M 135,715, 215,715 215,640 135,640 Z ', 'D', 4, '1, 2, 4, 5, 6, 8'),
	(29, 5, 2, 'M 255,705, 320,705 320,750 255,750 Z ', '24', 1, '1, 2, 4, 5, 6, 8, 3'),
	(30, 5, 3, 'M 360,745, 425,745 425,790 360,790 Z ', 't3', 1, '1, 3, 2, 5'),
	(31, 5, 3, 'M 555,630, 625,630 625,680 555,680 Z ', 't2', 3, '2, 4, 5, 6, 8, 3'),
	(32, 5, 2, 'M 575,685, 625,685 625,735 575,735 Z ', '41', 3, '1, 2, 4, 5, 6, 8'),
	(33, 5, 2, 'M 575,740, 625,740 625,790 575,790 Z ', '40', 3, '4, 5, 6, 8'),
	(34, 5, 2, 'M 630,845,710,845 710,890 630,890 Z ', '39', 3, '6, 8'),
	(35, 5, 2, 'M 715,845 765,845 765,890 715,890 Z ', '38', 3, '5, 6, 8'),
	(36, 5, 2, 'M 770,845 825,845 825,890 770,890 Z ', '37', 3, '4, 5, 6, 8'),
	(37, 5, 2, 'M 830,845 880,845 880,890 830,890 Z ', '36', 3, '1, 2, 4'),
	(38, 5, 2, 'M 885,825 945,825 945,890 885,890 Z ', '35', 3, '4, 5, 6, 8'),
	(39, 5, 1, 'M 865,820 945,820 945,780 865,780 Z ', '34', 3, '4, 5, 6, 7'),
	(40, 5, 1, 'M 865,775 945,775 945,730 865,730 Z ', '33', 3, '1, 2, 4, 5, 6'),
	(41, 5, 1, 'M 865,725 945,725 945,670 865,670 Z ', '32', 3, '1, 2, 4, 5'),
	(42, 5, 1, 'M 865,665 925,665 925,625 865,625 Z ', '31', 3, '1, 2, 4'),
	(43, 5, 1, 'M 865,620 925,620 925,575 865,575 Z ', '30', 3, '1, 2'),
	(44, 5, 1, 'M 830,570 925,570 925,530 830,530 Z ', '29', 3, '1, 2, 3'),
	(45, 5, 2, 'M 765,570 825,570 825,530 765,530 Z ', '28', 3, '1, 2, 5'),
	(46, 5, 2, 'M 710,570 760,570 760,530 710,530 Z ', '27', 3, '1, 2, 6'),
	(47, 5, 2, 'M 655,570 705,570 705,530 655,530 Z ', '26', 3, '1, 2, 7'),
	(48, 5, 2, 'M 600,570 650,570 650,530 600,530 Z ', '25', 3, '1, 2, 8'),
	(49, 5, 2, 'M 600,525 680,525 680,440 600,440 Z', '20', 2, '1, 2'),
	(50, 5, 2, 'M 685,525 755,525 755,440 685,440 Z', '21', 2, '1'),
	(51, 5, 2, 'M 760,525 825,525 825,490 815,490 815,440 760,440 Z', '22', 2, '2'),
	(52, 5, 2, 'M 830,525 930,525 930,465 820,465 820,485 830,485 Z', '23', 2, '3, 2'),
	(53, 5, 3, 'M 850,460 910,460 910,405 850,405 Z', 'E', 2, '1, 3, 4'),
	(54, 5, 1, 'M 820,400 910,400 910,305 820,305 Z', '19', 2, '1, 2, 4'),
	(55, 5, 2, 'M 740,405 815,405 815,320 740,320 Z', '18', 2, '5, 6, 8'),
	(56, 5, 2, 'M 670,405 735,405 735,320 670,320 Z', '17', 2, '1, 5, 6, 8'),
	(57, 5, 2, 'M 600,405 665,405 665,320 600,320 Z', '16', 2, '1, 2, 8'),
	(58, 5, 2, 'M 600,315 665,315 665,275 600,275 Z', '11', 2, '1, 3, 5'),
	(59, 5, 2, 'M 670,315 725,315 725,275 670,275 Z', '12', 2, '1, 2, 4, 5, 6, 8'),
	(60, 5, 2, 'M 730,315 815,315 815,275 730,275 Z', '13', 2, '1, 3, 4, 5, 6, 8'),
	(61, 5, 1, 'M 820,300 910,300 910,180 830,180 830,245 820,245 Z', '14-15', 2, '3, 1, 4, 5, 6'),
	(62, 5, 2, 'M 825,240 750,240 750,195 825,195  Z', '10', 2, '2, 3, 4, 5, 6, 8'),
	(63, 5, 3, 'M 745,245 665,245 665,165 745,165  Z', 'C', 2, '3, 1, 4, 5'),
	(64, 5, 2, 'M 745,160 675,160 675,125 745,125  Z', '9', 2, '3, 1, 4'),
	(65, 5, 2, 'M 750,200 825,200 825,125 750,125  Z', '8', 2, '3, 1'),
	(66, 5, 1, 'M 825,180 910,180 910,5 825,5  Z', '6-7', 2, '3, 1, 4, 5, 6, 8'),
	(67, 5, 1, 'M 750,90 820,90 820,5 750,5  Z', '5', 2, '2, 1, 4, 5, 6, 8, 3'),
	(68, 5, 1, 'M 665,90 745,90 745,5 665,5  Z', '4', 2, '2, 1, 4, 5, 6, 8'),
	(69, 5, 1, 'M 535,90 660,90 660,5 535,5  Z', '2-3', 2, '2, 1, 4, 5, 6'),
	(70, 5, 2, 'M 535,95 600,95 600,185 535,185  Z', '1', 2, '4, 5, 6, 8, 3'),
	(71, 5, 3, 'M 535,190 600,190 600,230 535,230  Z', 't1', 2, '5, 6, 8, 3'),
	(72, 5, 4, 'M 175,375 375,375 375,235 175,235 Z', 'A', 5, '1, 4, 5, 6, 8, 3'),
	(73, 5, 4, 'M 235,435 320,445 320,580 225,580 225,510 Z', 'B', 1, '4, 5, 6, 8, 3'),
	(74, 6, 1, 'M 40,70 200,70 200,45 590,45 590,275 540,275 540,570 340,570 340,600 130,600 130,570 40,570 40,420 90,420 90,300 40,300 Z', 'Epoc', 32, '4, 5, 6, 8, 3'),
	(75, 6, 1, 'M 590,45 990,45 990,70 1150,70 1150,270 1035,270 1000,305 930,280 930,435 880,435 880,480 725,480 725,345 665,345 665,320 590,320 Z', 'Netergi', 31, '4, 5, 6, 8, 3'),
	(76, 6, 1, 'M 665,575 860,575 860,595 1065,595 1065,575 1150,575 1150,420 1100,420 1100,295 1150,295 1150,270 1035,270 1000,305 930,280 930,435 880,435 880,480 725,480 725,430 665,430 Z', 'Saloon', 1, '4, 5, 6, 8, 3'),
	(77, 7, 1, 'M 20,0 300,0 300,230 440,230 440,350 20,350 Z', 'Lab B-935', 1, '4, 5, 6, 8, 3'),
	(78, 7, 1, 'M 305,0 440,0 440,225, 305,225 Z', 'B-935-2', 1, '4, 5, 6, 8, 3'),
	(79, 7, 1, 'M 445,0 580,0 580,225, 445,225 Z', 'B-937-2', 1, '4, 5, 6, 8, 3'),
	(80, 7, 1, 'M 585,0 865,0 865,350 445,350 445,230 585,230 Z', 'Lab B-937', 1, '4, 5, 6, 8, 3'),
	(81, 7, 1, 'M 865,380 665,380 665,520 865,520 Z', 'B-938', 1, '4, 5, 6, 8, 3'),
	(82, 7, 1, 'M 865,525 665,525 665,655 865,655 Z', 'B-939', 1, '4, 5, 6, 8, 3'),
	(83, 7, 1, 'M 865,660 665,660 665,790 865,790 Z', 'B-940', 1, '4, 5, 6, 8, 3'),
	(84, 7, 1, 'M 865,795 665,795 665,950 865,950 Z', 'B-941', 1, '4, 5, 6, 8, 3');
/*!40000 ALTER TABLE `entities` ENABLE KEYS */;

-- Dumping structure for procedure ecologi.helper_fillCalendarRange
DELIMITER //
CREATE DEFINER=`root`@`localhost` PROCEDURE `helper_fillCalendarRange`(start_date DATE, end_date DATE)
BEGIN
		DECLARE crt_date DATE;
		SET crt_date=start_date;
    
		DROP TEMPORARY TABLE IF EXISTS calendarRange;
		CREATE TEMPORARY TABLE calendarRange(datefield DATE);
		
		WHILE crt_date <= end_date DO
			INSERT INTO calendarRange VALUES(crt_date);
			SET crt_date = ADDDATE(crt_date, INTERVAL 1 MONTH);
		END WHILE;

	END//
DELIMITER ;

-- Dumping structure for table ecologi.occupancystatistic
CREATE TABLE IF NOT EXISTS `occupancystatistic` (
  `id` int(11) NOT NULL AUTO_INCREMENT,
  `userId` int(11) NOT NULL,
  `longitude` double NOT NULL,
  `latitude` double NOT NULL,
  `altitude` double NOT NULL,
  `ip` varchar(15) NOT NULL,
  `zoneId` int(11) NOT NULL,
  `timestamp` timestamp NOT NULL DEFAULT current_timestamp() ON UPDATE current_timestamp(),
  PRIMARY KEY (`id`),
  KEY `FK_occupancyStatistic_UserID_idx` (`userId`),
  KEY `FK_occupancyStatistic_ZoneID_idx` (`zoneId`),
  CONSTRAINT `FK_occupancyStatistic_UserID` FOREIGN KEY (`userId`) REFERENCES `users` (`userid`),
  CONSTRAINT `FK_occupancyStatistic_ZoneID` FOREIGN KEY (`zoneId`) REFERENCES `zone` (`id`)
) ENGINE=InnoDB AUTO_INCREMENT=5629 DEFAULT CHARSET=utf8;

-- Dumping data for table ecologi.occupancystatistic: ~2,183 rows (approximately)
/*!40000 ALTER TABLE `occupancystatistic` DISABLE KEYS */;
INSERT INTO `occupancystatistic` (`id`, `userId`, `longitude`, `latitude`, `altitude`, `ip`, `zoneId`, `timestamp`) VALUES
	(1, 19, 53.2210699, 56.8336632, 0, '81.4.205.112', 1, '2018-10-08 04:00:02'),
	(2, 19, 53.2209593, 56.8336717, 0, '81.4.205.112', 1, '2018-10-08 04:02:00'),
	(3, 19, 53.2209593, 56.8336717, 0, '81.4.205.112', 1, '2018-10-08 04:02:00'),
	(4, 19, 53.2209593, 56.8336717, 0, '81.4.205.112', 1, '2018-10-08 04:03:39'),
	(5, 19, 53.2209656, 56.8336437, 0, '81.4.205.112', 1, '2018-10-08 04:03:59'),
	(6, 19, 53.221023, 56.8335929, 0, '81.4.205.112', 1, '2018-10-08 04:04:59'),
	(7, 19, 53.2209555, 56.8336723, 0, '81.4.205.112', 1, '2018-10-08 04:05:59'),
	(8, 19, 53.2209656, 56.8336437, 0, '81.4.205.112', 1, '2018-10-08 04:06:59'),
	(9, 19, 53.2209655, 56.8336624, 0, '81.4.205.112', 1, '2018-10-08 04:07:59'),
	(10, 19, 53.221023, 56.8335929, 0, '81.4.205.112', 1, '2018-10-08 04:08:59'),
	(11, 19, 53.221023, 56.8335929, 0, '81.4.205.112', 1, '2018-10-08 04:09:59'),
	(12, 19, 53.221023, 56.8335929, 0, '81.4.205.112', 1, '2018-10-08 04:11:00'),
	(13, 19, 53.2210252, 56.8336645, 0, '81.4.205.112', 1, '2018-10-08 04:11:59'),
	(14, 19, 53.221022, 56.8336702, 0, '81.4.205.112', 1, '2018-10-08 04:12:59'),
	(15, 19, 53.2210635, 56.8336213, 0, '81.4.205.112', 1, '2018-10-08 04:13:59'),
	(16, 19, 53.2210252, 56.8336645, 0, '81.4.205.112', 1, '2018-10-08 04:14:59'),
	(17, 19, 53.2210252, 56.8336645, 0, '81.4.205.112', 1, '2018-10-08 04:15:59'),
	(18, 19, 53.2210318, 56.8336525, 0, '81.4.205.112', 1, '2018-10-08 04:16:59'),
	(19, 19, 53.2210252, 56.8336645, 0, '81.4.205.112', 1, '2018-10-08 04:17:59'),
	(20, 19, 53.2210635, 56.8336213, 0, '81.4.205.112', 1, '2018-10-08 04:20:33'),
	(21, 19, 53.2210635, 56.8336213, 0, '81.4.205.112', 1, '2018-10-08 04:20:33'),
	(22, 19, 53.2210252, 56.8336645, 0, '81.4.205.112', 1, '2018-10-08 04:20:59'),
	(23, 19, 53.2210255, 56.8336584, 0, '81.4.205.112', 1, '2018-10-08 04:21:59'),
	(24, 19, 53.2210144, 56.8336706, 0, '81.4.205.112', 1, '2018-10-08 04:22:59'),
	(25, 19, 53.2210255, 56.8336585, 0, '81.4.205.112', 1, '2018-10-08 04:27:03'),
	(26, 19, 53.2210255, 56.8336585, 0, '81.4.205.112', 1, '2018-10-08 04:27:04'),
	(27, 19, 53.2210255, 56.8336585, 0, '81.4.205.112', 1, '2018-10-08 04:27:04'),
	(28, 19, 53.2210255, 56.8336585, 0, '81.4.205.112', 1, '2018-10-08 04:27:04'),
	(29, 19, 53.221023, 56.8336598, 0, '81.4.205.112', 1, '2018-10-08 04:28:45'),
	(30, 19, 53.2210666, 56.8336195, 0, '81.4.205.112', 1, '2018-10-08 04:34:21'),
	(31, 19, 53.2210666, 56.8336195, 0, '81.4.205.112', 1, '2018-10-08 04:34:21'),
	(32, 19, 53.2210666, 56.8336195, 0, '81.4.205.112', 1, '2018-10-08 04:34:21'),
	(33, 19, 53.2210666, 56.8336195, 0, '81.4.205.112', 1, '2018-10-08 04:34:21'),
	(34, 19, 53.2210666, 56.8336195, 0, '81.4.205.112', 1, '2018-10-08 04:34:21'),
	(35, 19, 53.2210666, 56.8336195, 0, '81.4.205.112', 1, '2018-10-08 04:34:21'),
	(36, 19, 53.2211812, 56.8336357, 105.4000015258789, '85.140.7.173', 1, '2018-10-08 04:38:23'),
	(37, 19, 53.2211812, 56.8336357, 105.4000015258789, '85.140.7.173', 1, '2018-10-08 04:38:23'),
	(38, 19, 53.2210726, 56.8336094, 0, '81.4.205.112', 1, '2018-10-08 04:38:59'),
	(39, 19, 53.2210726, 56.8336094, 0, '81.4.205.112', 1, '2018-10-08 04:38:59'),
	(40, 19, 53.2210726, 56.8336094, 0, '81.4.205.112', 1, '2018-10-08 04:38:59'),
	(41, 19, 53.2210726, 56.8336094, 0, '81.4.205.112', 1, '2018-10-08 04:38:59'),
	(42, 19, 53.2210726, 56.8336094, 0, '81.4.205.112', 1, '2018-10-08 04:38:59'),
	(43, 19, 53.2210699, 56.8336147, 0, '81.4.205.112', 1, '2018-10-08 04:39:59'),
	(44, 19, 53.2210693, 56.8335963, 0, '81.4.205.112', 1, '2018-10-08 04:41:09'),
	(45, 19, 53.2210295, 56.8336736, 0, '81.4.205.112', 1, '2018-10-08 04:45:16'),
	(46, 19, 53.2210295, 56.8336736, 0, '81.4.205.112', 1, '2018-10-08 04:45:16'),
	(47, 19, 53.2210295, 56.8336736, 0, '81.4.205.112', 1, '2018-10-08 04:45:16'),
	(48, 19, 53.2210295, 56.8336736, 0, '81.4.205.112', 1, '2018-10-08 04:45:16'),
	(49, 19, 53.2210361, 56.8336676, 0, '81.4.205.112', 1, '2018-10-08 04:45:59'),
	(50, 19, 53.2210295, 56.8336736, 0, '81.4.205.112', 1, '2018-10-08 04:48:00'),
	(51, 19, 53.2210292, 56.8336729, 0, '81.4.205.112', 1, '2018-10-08 04:49:00'),
	(52, 19, 53.2210718, 56.8336527, 0, '81.4.205.112', 1, '2018-10-08 04:56:28'),
	(53, 19, 53.2210718, 56.8336527, 0, '81.4.205.112', 1, '2018-10-08 04:56:28'),
	(54, 19, 53.2210718, 56.8336527, 0, '81.4.205.112', 1, '2018-10-08 04:56:28'),
	(55, 19, 53.2210718, 56.8336527, 0, '81.4.205.112', 1, '2018-10-08 04:56:28'),
	(56, 19, 53.2210718, 56.8336527, 0, '81.4.205.112', 1, '2018-10-08 04:56:28'),
	(57, 19, 53.2210718, 56.8336527, 0, '81.4.205.112', 1, '2018-10-08 04:56:28'),
	(58, 19, 53.2210718, 56.8336527, 0, '81.4.205.112', 1, '2018-10-08 04:56:28'),
	(59, 19, 53.2210783, 56.8336458, 0, '81.4.205.112', 1, '2018-10-08 05:00:37'),
	(60, 19, 53.2210783, 56.8336458, 0, '81.4.205.112', 1, '2018-10-08 05:00:37'),
	(61, 19, 53.2210783, 56.8336458, 0, '81.4.205.112', 1, '2018-10-08 05:00:37'),
	(62, 19, 53.2210783, 56.8336458, 0, '81.4.205.112', 1, '2018-10-08 05:00:37'),
	(63, 19, 53.2210772, 56.8336652, 0, '81.4.205.112', 1, '2018-10-08 05:07:31'),
	(64, 19, 53.2210772, 56.8336652, 0, '81.4.205.112', 1, '2018-10-08 05:07:31'),
	(65, 19, 53.2210772, 56.8336652, 0, '81.4.205.112', 1, '2018-10-08 05:07:31'),
	(66, 19, 53.2210772, 56.8336652, 0, '81.4.205.112', 1, '2018-10-08 05:07:31'),
	(67, 19, 53.2210772, 56.8336652, 0, '81.4.205.112', 1, '2018-10-08 05:07:31'),
	(68, 19, 53.2210772, 56.8336652, 0, '81.4.205.112', 1, '2018-10-08 05:07:31'),
	(69, 19, 53.2210772, 56.8336652, 0, '81.4.205.112', 1, '2018-10-08 05:07:31'),
	(70, 19, 53.2210665, 56.8336578, 0, '81.4.205.112', 1, '2018-10-08 05:08:36'),
	(71, 19, 53.2210665, 56.8336578, 0, '81.4.205.112', 1, '2018-10-08 05:09:00'),
	(72, 19, 53.2211675, 56.8336537, 105.4000015258789, '85.140.7.173', 1, '2018-10-08 05:57:08'),
	(73, 19, 53.2211675, 56.8336537, 105.4000015258789, '85.140.7.173', 1, '2018-10-08 05:58:08'),
	(74, 19, 53.2211763, 56.8336374, 101.5999984741211, '85.140.7.173', 1, '2018-10-08 05:59:08'),
	(75, 19, 53.2211247, 56.8336343, 105.4000015258789, '85.140.7.173', 1, '2018-10-08 06:00:08'),
	(76, 19, 53.2211247, 56.8336343, 105.4000015258789, '85.140.7.173', 1, '2018-10-08 06:01:08'),
	(77, 19, 53.2211839, 56.8335611, 108.4000015258789, '85.140.7.173', 1, '2018-10-08 06:02:32'),
	(78, 19, 53.2206641, 56.8331028, 0, '85.140.7.173', 1, '2018-10-08 06:04:01'),
	(79, 19, 53.2212301, 56.8336358, 105.4000015258789, '85.140.7.173', 1, '2018-10-08 06:25:03'),
	(80, 19, 53.2211857, 56.8336346, 101.5999984741211, '85.140.7.173', 1, '2018-10-08 06:31:36'),
	(81, 19, 53.2210896, 56.8336434, 0, '81.4.205.112', 1, '2018-10-08 06:36:36'),
	(82, 19, 34.845985, 32.0806727, 0, '82.81.247.185', 1, '2018-10-08 06:36:52'),
	(83, 19, 53.2210685, 56.8336574, 0, '81.4.205.112', 1, '2018-10-08 06:37:36'),
	(84, 19, 34.845985, 32.0806727, 0, '82.81.247.185', 1, '2018-10-08 06:37:45'),
	(85, 19, 53.221069, 56.8336594, 0, '81.4.205.112', 1, '2018-10-08 06:38:36'),
	(86, 19, 34.845985, 32.0806727, 0, '82.81.247.185', 1, '2018-10-08 06:38:45'),
	(87, 19, 53.2210767, 56.8336557, 0, '81.4.205.112', 1, '2018-10-08 06:39:36'),
	(88, 19, 34.845985, 32.0806727, 0, '82.81.247.185', 1, '2018-10-08 06:40:06'),
	(89, 19, 53.2210739, 56.8336491, 0, '81.4.205.112', 1, '2018-10-08 06:40:36'),
	(90, 19, 34.845985, 32.0806727, 0, '82.81.247.185', 1, '2018-10-08 06:40:45'),
	(91, 19, 53.2210721, 56.8336498, 0, '81.4.205.112', 1, '2018-10-08 06:41:36'),
	(92, 19, 34.845985, 32.0806727, 0, '82.81.247.185', 1, '2018-10-08 06:41:45'),
	(93, 19, 53.2210721, 56.833655, 0, '81.4.205.112', 1, '2018-10-08 06:42:36'),
	(94, 19, 34.845985, 32.0806727, 0, '82.81.247.185', 1, '2018-10-08 06:42:46'),
	(95, 19, 53.2210739, 56.8336491, 0, '81.4.205.112', 1, '2018-10-08 06:44:08'),
	(96, 19, 34.845985, 32.0806727, 0, '82.81.247.185', 1, '2018-10-08 06:44:18'),
	(97, 19, 53.2210739, 56.8336491, 0, '81.4.205.112', 1, '2018-10-08 06:44:36'),
	(98, 19, 34.845985, 32.0806727, 0, '82.81.247.185', 1, '2018-10-08 06:44:45'),
	(99, 19, 53.221069, 56.8336594, 0, '81.4.205.112', 1, '2018-10-08 06:45:36'),
	(100, 19, 34.845985, 32.0806727, 0, '82.81.247.185', 1, '2018-10-08 06:45:45'),
	(101, 19, 53.2210721, 56.833655, 0, '81.4.205.112', 1, '2018-10-08 06:46:36'),
	(102, 19, 34.845985, 32.0806727, 0, '82.81.247.185', 1, '2018-10-08 06:46:45'),
	(103, 19, 53.2210772, 56.8336541, 0, '81.4.205.112', 1, '2018-10-08 06:47:36'),
	(104, 19, 34.845985, 32.0806727, 0, '82.81.247.185', 1, '2018-10-08 06:47:45'),
	(105, 19, 53.2210721, 56.833655, 0, '81.4.205.112', 1, '2018-10-08 06:48:36'),
	(106, 19, 34.845985, 32.0806727, 0, '82.81.247.185', 1, '2018-10-08 06:48:46'),
	(107, 19, 34.8459303, 32.0807141, 62.900001525878906, '82.81.247.185', 1, '2018-10-08 06:49:21'),
	(108, 19, 34.8459303, 32.0807141, 62.900001525878906, '82.81.247.185', 1, '2018-10-08 06:49:21'),
	(109, 19, 53.2210739, 56.8336491, 0, '81.4.205.112', 1, '2018-10-08 06:49:36'),
	(110, 19, 34.845985, 32.0806727, 0, '82.81.247.185', 1, '2018-10-08 06:49:45'),
	(111, 19, 53.2210772, 56.8336541, 0, '81.4.205.112', 1, '2018-10-08 06:50:36'),
	(112, 19, 34.845985, 32.0806727, 0, '82.81.247.185', 1, '2018-10-08 06:50:46'),
	(113, 19, 34.845985, 32.0806727, 0, '82.81.247.185', 1, '2018-10-08 06:51:45'),
	(114, 19, 53.2210772, 56.8336541, 0, '81.4.205.112', 1, '2018-10-08 06:52:10'),
	(115, 19, 34.845985, 32.0806727, 0, '82.81.247.185', 1, '2018-10-08 06:52:46'),
	(116, 19, 53.2210767, 56.8336557, 0, '81.4.205.112', 1, '2018-10-08 06:53:10'),
	(117, 19, 34.845985, 32.0806727, 0, '82.81.247.185', 1, '2018-10-08 06:53:45'),
	(118, 19, 34.845985, 32.0806727, 0, '82.81.247.185', 1, '2018-10-08 06:54:46'),
	(119, 19, 34.845985, 32.0806727, 0, '82.81.247.185', 1, '2018-10-08 06:55:45'),
	(120, 19, 53.2210721, 56.833655, 0, '81.4.205.112', 1, '2018-10-08 06:56:10'),
	(121, 19, 34.845985, 32.0806727, 0, '82.81.247.185', 1, '2018-10-08 06:56:46'),
	(122, 19, 53.221069, 56.8336594, 0, '81.4.205.112', 1, '2018-10-08 06:57:10'),
	(123, 19, 34.8459936, 32.080688, 0, '82.81.247.185', 1, '2018-10-08 06:57:45'),
	(124, 19, 53.2210739, 56.8336491, 0, '81.4.205.112', 1, '2018-10-08 06:58:10'),
	(125, 19, 34.8459936, 32.080688, 0, '82.81.247.185', 1, '2018-10-08 06:58:45'),
	(126, 19, 53.2210749, 56.833646, 0, '81.4.205.112', 1, '2018-10-08 07:04:36'),
	(127, 19, 53.2210749, 56.833646, 0, '81.4.205.112', 1, '2018-10-08 07:04:36'),
	(128, 19, 53.2210749, 56.833646, 0, '81.4.205.112', 1, '2018-10-08 07:04:36'),
	(129, 19, 53.2210749, 56.833646, 0, '81.4.205.112', 1, '2018-10-08 07:04:36'),
	(130, 19, 53.2210749, 56.833646, 0, '81.4.205.112', 1, '2018-10-08 07:04:36'),
	(131, 19, 53.2210749, 56.833646, 0, '81.4.205.112', 1, '2018-10-08 07:04:36'),
	(132, 19, 53.221069, 56.8336594, 0, '81.4.205.112', 1, '2018-10-08 07:06:57'),
	(133, 19, 53.221069, 56.8336594, 0, '81.4.205.112', 1, '2018-10-08 07:06:57'),
	(134, 19, 53.2210896, 56.8336434, 0, '81.4.205.112', 1, '2018-10-08 07:07:10'),
	(135, 19, 34.8459936, 32.080688, 0, '82.81.247.185', 1, '2018-10-08 07:10:32'),
	(136, 19, 34.8459936, 32.080688, 0, '82.81.247.185', 1, '2018-10-08 07:10:32'),
	(137, 19, 34.8459936, 32.080688, 0, '82.81.247.185', 1, '2018-10-08 07:10:32'),
	(138, 19, 34.8459936, 32.080688, 0, '82.81.247.185', 1, '2018-10-08 07:10:32'),
	(139, 19, 34.8459936, 32.080688, 0, '82.81.247.185', 1, '2018-10-08 07:10:32'),
	(140, 19, 34.8459936, 32.080688, 0, '82.81.247.185', 1, '2018-10-08 07:10:32'),
	(141, 19, 34.8459936, 32.080688, 0, '82.81.247.185', 1, '2018-10-08 07:10:32'),
	(142, 19, 34.8459936, 32.080688, 0, '82.81.247.185', 1, '2018-10-08 07:10:32'),
	(143, 19, 34.8459936, 32.080688, 0, '82.81.247.185', 1, '2018-10-08 07:10:32'),
	(144, 19, 34.8459936, 32.080688, 0, '82.81.247.185', 1, '2018-10-08 07:10:32'),
	(145, 19, 34.8459936, 32.080688, 0, '82.81.247.185', 1, '2018-10-08 07:10:32'),
	(146, 19, 53.221069, 56.8336594, 0, '81.4.205.112', 1, '2018-10-08 07:13:01'),
	(147, 19, 53.221069, 56.8336594, 0, '81.4.205.112', 1, '2018-10-08 07:13:01'),
	(148, 19, 53.221069, 56.8336594, 0, '81.4.205.112', 1, '2018-10-08 07:13:01'),
	(149, 19, 53.221069, 56.8336594, 0, '81.4.205.112', 1, '2018-10-08 07:13:01'),
	(150, 19, 53.221069, 56.8336594, 0, '81.4.205.112', 1, '2018-10-08 07:13:01'),
	(151, 19, 53.221069, 56.8336594, 0, '81.4.205.112', 1, '2018-10-08 07:14:17'),
	(152, 19, 53.2210767, 56.8336557, 0, '81.4.205.112', 1, '2018-10-08 07:16:38'),
	(153, 19, 53.2210767, 56.8336557, 0, '81.4.205.112', 1, '2018-10-08 07:16:38'),
	(154, 19, 53.2210767, 56.8336557, 0, '81.4.205.112', 1, '2018-10-08 07:16:38'),
	(155, 19, 53.221069, 56.8336594, 0, '81.4.205.112', 1, '2018-10-08 07:33:14'),
	(156, 19, 53.221069, 56.8336594, 0, '81.4.205.112', 1, '2018-10-08 07:33:14'),
	(157, 19, 53.221069, 56.8336594, 0, '81.4.205.112', 1, '2018-10-08 07:33:15'),
	(158, 19, 53.221069, 56.8336594, 0, '81.4.205.112', 1, '2018-10-08 07:33:15'),
	(159, 19, 53.221069, 56.8336594, 0, '81.4.205.112', 1, '2018-10-08 07:33:15'),
	(160, 19, 53.221069, 56.8336594, 0, '81.4.205.112', 1, '2018-10-08 07:33:15'),
	(161, 19, 53.221069, 56.8336594, 0, '81.4.205.112', 1, '2018-10-08 07:33:15'),
	(162, 19, 53.221069, 56.8336594, 0, '81.4.205.112', 1, '2018-10-08 07:33:15'),
	(163, 19, 53.221069, 56.8336594, 0, '81.4.205.112', 1, '2018-10-08 07:33:15'),
	(164, 19, 53.221069, 56.8336594, 0, '81.4.205.112', 1, '2018-10-08 07:33:15'),
	(165, 19, 53.221069, 56.8336594, 0, '81.4.205.112', 1, '2018-10-08 07:33:15'),
	(166, 19, 53.221069, 56.8336594, 0, '81.4.205.112', 1, '2018-10-08 07:33:15'),
	(167, 19, 53.221069, 56.8336594, 0, '81.4.205.112', 1, '2018-10-08 07:33:15'),
	(168, 19, 53.221069, 56.8336594, 0, '81.4.205.112', 1, '2018-10-08 07:33:15'),
	(169, 19, 53.221069, 56.8336594, 0, '81.4.205.112', 1, '2018-10-08 07:33:15'),
	(170, 19, 53.221069, 56.8336594, 0, '81.4.205.112', 1, '2018-10-08 07:33:15'),
	(171, 19, 53.221069, 56.8336594, 0, '81.4.205.112', 1, '2018-10-08 07:33:21'),
	(172, 19, 53.2210756, 56.8336596, 0, '81.4.205.112', 1, '2018-10-08 08:09:42'),
	(173, 19, 53.2210756, 56.8336596, 0, '81.4.205.112', 1, '2018-10-08 08:09:42'),
	(174, 19, 53.2210756, 56.8336596, 0, '81.4.205.112', 1, '2018-10-08 08:09:42'),
	(175, 19, 53.2210756, 56.8336596, 0, '81.4.205.112', 1, '2018-10-08 08:09:42'),
	(176, 19, 53.2210756, 56.8336596, 0, '81.4.205.112', 1, '2018-10-08 08:09:42'),
	(177, 19, 53.2210756, 56.8336596, 0, '81.4.205.112', 1, '2018-10-08 08:09:42'),
	(178, 19, 53.2210756, 56.8336596, 0, '81.4.205.112', 1, '2018-10-08 08:09:42'),
	(179, 19, 53.2210756, 56.8336596, 0, '81.4.205.112', 1, '2018-10-08 08:09:42'),
	(180, 19, 53.2210756, 56.8336596, 0, '81.4.205.112', 1, '2018-10-08 08:09:42'),
	(181, 19, 53.2210756, 56.8336596, 0, '81.4.205.112', 1, '2018-10-08 08:09:42'),
	(182, 19, 53.2210756, 56.8336596, 0, '81.4.205.112', 1, '2018-10-08 08:09:42'),
	(183, 19, 53.2210756, 56.8336596, 0, '81.4.205.112', 1, '2018-10-08 08:09:42'),
	(184, 19, 53.2210756, 56.8336596, 0, '81.4.205.112', 1, '2018-10-08 08:09:42'),
	(185, 19, 53.2210756, 56.8336596, 0, '81.4.205.112', 1, '2018-10-08 08:09:42'),
	(186, 19, 53.2210756, 56.8336596, 0, '81.4.205.112', 1, '2018-10-08 08:09:42'),
	(187, 19, 53.2210756, 56.8336596, 0, '81.4.205.112', 1, '2018-10-08 08:09:42'),
	(188, 19, 53.2210756, 56.8336596, 0, '81.4.205.112', 1, '2018-10-08 08:09:42'),
	(189, 19, 53.2210756, 56.8336596, 0, '81.4.205.112', 1, '2018-10-08 08:09:42'),
	(190, 19, 53.2210756, 56.8336596, 0, '81.4.205.112', 1, '2018-10-08 08:09:43'),
	(191, 19, 53.2210756, 56.8336596, 0, '81.4.205.112', 1, '2018-10-08 08:09:43'),
	(192, 19, 53.2210756, 56.8336596, 0, '81.4.205.112', 1, '2018-10-08 08:09:43'),
	(193, 19, 53.2210756, 56.8336596, 0, '81.4.205.112', 1, '2018-10-08 08:09:43'),
	(194, 19, 53.2210756, 56.8336596, 0, '81.4.205.112', 1, '2018-10-08 08:09:43'),
	(195, 19, 53.2210756, 56.8336596, 0, '81.4.205.112', 1, '2018-10-08 08:09:43'),
	(196, 19, 53.2210756, 56.8336596, 0, '81.4.205.112', 1, '2018-10-08 08:09:43'),
	(197, 19, 53.2210756, 56.8336596, 0, '81.4.205.112', 1, '2018-10-08 08:09:43'),
	(198, 19, 53.2210756, 56.8336596, 0, '81.4.205.112', 1, '2018-10-08 08:09:43'),
	(199, 19, 53.2210756, 56.8336596, 0, '81.4.205.112', 1, '2018-10-08 08:09:43'),
	(200, 19, 53.2210756, 56.8336596, 0, '81.4.205.112', 1, '2018-10-08 08:09:43'),
	(201, 19, 53.2210756, 56.8336596, 0, '81.4.205.112', 1, '2018-10-08 08:09:43'),
	(202, 19, 53.2210756, 56.8336596, 0, '81.4.205.112', 1, '2018-10-08 08:09:43'),
	(203, 19, 53.2210756, 56.8336596, 0, '81.4.205.112', 1, '2018-10-08 08:09:43'),
	(204, 19, 53.2210756, 56.8336596, 0, '81.4.205.112', 1, '2018-10-08 08:09:43'),
	(205, 19, 53.2210756, 56.8336596, 0, '81.4.205.112', 1, '2018-10-08 08:09:43'),
	(206, 19, 53.2210756, 56.8336596, 0, '81.4.205.112', 1, '2018-10-08 08:09:43'),
	(207, 19, 53.2210756, 56.8336596, 0, '81.4.205.112', 1, '2018-10-08 08:09:43'),
	(208, 19, 53.2210824, 56.8336572, 0, '81.4.205.112', 1, '2018-10-08 08:11:59'),
	(209, 19, 53.2210824, 56.8336572, 0, '81.4.205.112', 1, '2018-10-08 08:11:59'),
	(210, 19, 53.2210358, 56.8336248, 0, '81.4.205.112', 1, '2018-10-08 08:17:55'),
	(211, 19, 53.2210358, 56.8336248, 0, '81.4.205.112', 1, '2018-10-08 08:17:55'),
	(212, 19, 53.2210358, 56.8336248, 0, '81.4.205.112', 1, '2018-10-08 08:17:55'),
	(213, 19, 53.2210358, 56.8336248, 0, '81.4.205.112', 1, '2018-10-08 08:17:55'),
	(214, 19, 53.2210358, 56.8336248, 0, '81.4.205.112', 1, '2018-10-08 08:17:55'),
	(215, 19, 53.2210358, 56.8336248, 0, '81.4.205.112', 1, '2018-10-08 08:17:55'),
	(216, 19, 53.221041, 56.8336343, 0, '81.4.205.112', 1, '2018-10-08 08:18:20'),
	(217, 19, 53.221041, 56.8336343, 0, '81.4.205.112', 1, '2018-10-08 08:19:31'),
	(218, 19, 53.2210465, 56.833618, 0, '81.4.205.112', 1, '2018-10-08 08:21:28'),
	(219, 19, 53.2210332, 56.8336458, 0, '81.4.205.112', 1, '2018-10-08 08:52:31'),
	(220, 19, 34.8463104, 32.075776, 0, '82.81.247.185', 1, '2018-10-08 08:55:54'),
	(221, 19, 34.8463104, 32.075776, 0, '82.81.247.185', 1, '2018-10-08 08:55:54'),
	(222, 19, 34.8463104, 32.075776, 0, '82.81.247.185', 1, '2018-10-08 08:56:48'),
	(223, 19, 34.8463104, 32.075776, 0, '82.81.247.185', 1, '2018-10-08 08:57:48'),
	(224, 19, 34.8463104, 32.075776, 0, '82.81.247.185', 1, '2018-10-08 08:58:48'),
	(225, 19, 34.8463104, 32.075776, 0, '82.81.247.185', 1, '2018-10-08 08:59:48'),
	(226, 19, 34.8463104, 32.075776, 0, '82.81.247.185', 1, '2018-10-08 09:00:48'),
	(227, 19, 34.8456573, 32.0808817, 0, '82.81.247.185', 1, '2018-10-09 02:12:34'),
	(228, 19, 34.8456573, 32.0808817, 0, '82.81.247.185', 1, '2018-10-09 02:13:34'),
	(229, 19, 34.8456573, 32.0808817, 0, '82.81.247.185', 1, '2018-10-09 02:14:34'),
	(230, 19, 53.2211476, 56.8336494, 0, '81.4.205.112', 1, '2018-10-09 05:09:36'),
	(231, 19, 53.2212046, 56.8335903, 0, '81.4.205.112', 1, '2018-10-09 05:10:36'),
	(232, 19, 53.2211473, 56.8336515, 0, '81.4.205.112', 1, '2018-10-09 05:11:36'),
	(233, 19, 53.2210008, 56.8336257, 0, '81.4.205.112', 1, '2018-10-09 05:12:36'),
	(234, 19, 53.2209844, 56.8336389, 0, '81.4.205.112', 1, '2018-10-09 05:13:36'),
	(235, 19, 53.2210505, 56.8335899, 0, '81.4.205.112', 1, '2018-10-09 05:14:36'),
	(236, 19, 53.2210505, 56.8335899, 0, '81.4.205.112', 1, '2018-10-09 05:15:36'),
	(237, 19, 53.2210505, 56.8335899, 0, '81.4.205.112', 1, '2018-10-09 05:16:36'),
	(238, 19, 53.2210505, 56.8335899, 0, '81.4.205.112', 1, '2018-10-09 05:17:36'),
	(239, 19, 53.2210505, 56.8335899, 0, '81.4.205.112', 1, '2018-10-09 05:18:36'),
	(240, 19, 53.2209844, 56.8336389, 0, '81.4.205.112', 1, '2018-10-09 05:19:36'),
	(241, 19, 53.2210026, 56.8336194, 0, '81.4.205.112', 1, '2018-10-09 05:20:36'),
	(242, 19, 53.2210008, 56.8336257, 0, '81.4.205.112', 1, '2018-10-09 05:21:36'),
	(243, 19, 53.2210586, 56.8336326, 0, '81.4.205.112', 1, '2018-10-09 05:22:36'),
	(244, 19, 53.2210417, 56.833618, 0, '81.4.205.112', 1, '2018-10-09 05:33:48'),
	(245, 19, 53.2210417, 56.833618, 0, '81.4.205.112', 1, '2018-10-09 05:33:48'),
	(246, 19, 53.2210417, 56.833618, 0, '81.4.205.112', 1, '2018-10-09 05:33:48'),
	(247, 19, 53.2210417, 56.833618, 0, '81.4.205.112', 1, '2018-10-09 05:33:48'),
	(248, 19, 53.2210417, 56.833618, 0, '81.4.205.112', 1, '2018-10-09 05:33:48'),
	(249, 19, 53.2210417, 56.833618, 0, '81.4.205.112', 1, '2018-10-09 05:33:48'),
	(250, 19, 53.2210417, 56.833618, 0, '81.4.205.112', 1, '2018-10-09 05:33:48'),
	(251, 19, 53.2210417, 56.833618, 0, '81.4.205.112', 1, '2018-10-09 05:33:48'),
	(252, 19, 53.2210417, 56.833618, 0, '81.4.205.112', 1, '2018-10-09 05:33:48'),
	(253, 19, 53.2210417, 56.833618, 0, '81.4.205.112', 1, '2018-10-09 05:33:48'),
	(254, 19, 53.2210417, 56.833618, 0, '81.4.205.112', 1, '2018-10-09 05:33:48'),
	(255, 19, 34.8458116, 32.0807503, 0, '82.81.247.185', 1, '2018-10-10 03:31:26'),
	(256, 19, 34.8458116, 32.0807503, 0, '82.81.247.185', 1, '2018-10-10 03:32:26'),
	(257, 19, 34.8458116, 32.0807503, 0, '82.81.247.185', 1, '2018-10-10 03:34:00'),
	(258, 19, 34.8458116, 32.0807503, 0, '82.81.247.185', 1, '2018-10-10 03:34:26'),
	(259, 19, 34.8458116, 32.0807503, 0, '82.81.247.185', 1, '2018-10-10 03:35:26'),
	(260, 19, 34.8458116, 32.0807503, 0, '82.81.247.185', 1, '2018-10-10 03:36:26'),
	(261, 19, 34.8458116, 32.0807503, 0, '82.81.247.185', 1, '2018-10-10 03:37:40'),
	(262, 19, 34.8458116, 32.0807503, 0, '82.81.247.185', 1, '2018-10-10 03:37:40'),
	(263, 19, 34.8458116, 32.0807503, 0, '82.81.247.185', 1, '2018-10-10 03:37:40'),
	(264, 19, 34.8458116, 32.0807503, 0, '82.81.247.185', 1, '2018-10-10 03:37:40'),
	(265, 19, 34.8458116, 32.0807503, 0, '82.81.247.185', 1, '2018-10-10 03:37:40'),
	(266, 19, 34.8458116, 32.0807503, 0, '82.81.247.185', 1, '2018-10-10 03:37:40'),
	(267, 19, 34.8458116, 32.0807503, 0, '82.81.247.185', 1, '2018-10-10 03:37:40'),
	(268, 19, 34.8458116, 32.0807503, 0, '82.81.247.185', 1, '2018-10-10 03:37:40'),
	(269, 19, 34.8458116, 32.0807503, 0, '82.81.247.185', 1, '2018-10-10 03:37:40'),
	(270, 19, 34.8458116, 32.0807503, 0, '82.81.247.185', 1, '2018-10-10 03:37:40'),
	(271, 19, 34.8458116, 32.0807503, 0, '82.81.247.185', 1, '2018-10-10 03:37:41'),
	(272, 19, 34.8458116, 32.0807503, 0, '82.81.247.185', 1, '2018-10-10 03:37:41'),
	(273, 19, 34.8458116, 32.0807503, 0, '82.81.247.185', 1, '2018-10-10 03:37:41'),
	(274, 19, 34.8458116, 32.0807503, 0, '82.81.247.185', 1, '2018-10-10 03:37:41'),
	(275, 19, 34.8458116, 32.0807503, 0, '82.81.247.185', 1, '2018-10-10 03:37:41'),
	(276, 19, 34.8458116, 32.0807503, 0, '82.81.247.185', 1, '2018-10-10 03:37:41'),
	(277, 19, 34.8458116, 32.0807503, 0, '82.81.247.185', 1, '2018-10-10 03:37:41'),
	(278, 19, 34.8458116, 32.0807503, 0, '82.81.247.185', 1, '2018-10-10 03:37:41'),
	(279, 19, 34.8458116, 32.0807503, 0, '82.81.247.185', 1, '2018-10-10 03:37:41'),
	(280, 19, 34.8458116, 32.0807503, 0, '82.81.247.185', 1, '2018-10-10 03:44:25'),
	(281, 19, 34.8458116, 32.0807503, 0, '82.81.247.185', 1, '2018-10-10 03:44:26'),
	(282, 19, 34.8458116, 32.0807503, 0, '82.81.247.185', 1, '2018-10-10 03:44:26'),
	(283, 19, 34.8458116, 32.0807503, 0, '82.81.247.185', 1, '2018-10-10 03:44:26'),
	(284, 19, 34.8458116, 32.0807503, 0, '82.81.247.185', 1, '2018-10-10 03:44:26'),
	(285, 19, 34.8458116, 32.0807503, 0, '82.81.247.185', 1, '2018-10-10 03:44:26'),
	(286, 19, 34.8458116, 32.0807503, 0, '82.81.247.185', 1, '2018-10-10 03:44:26'),
	(287, 19, 34.8458116, 32.0807503, 0, '82.81.247.185', 1, '2018-10-10 03:44:26'),
	(288, 19, 34.8458116, 32.0807503, 0, '82.81.247.185', 1, '2018-10-10 03:45:26'),
	(289, 19, 34.8458116, 32.0807503, 0, '82.81.247.185', 1, '2018-10-10 03:46:26'),
	(290, 19, 34.8458116, 32.0807503, 0, '82.81.247.185', 1, '2018-10-10 03:47:26'),
	(291, 19, 34.8458116, 32.0807503, 0, '82.81.247.185', 1, '2018-10-10 03:48:26'),
	(292, 19, 34.8458116, 32.0807503, 0, '82.81.247.185', 1, '2018-10-10 03:49:26'),
	(293, 19, 34.8458116, 32.0807503, 0, '82.81.247.185', 1, '2018-10-10 03:50:26'),
	(294, 19, 34.8458116, 32.0807503, 0, '82.81.247.185', 1, '2018-10-10 03:51:26'),
	(295, 19, 34.8458116, 32.0807503, 0, '82.81.247.185', 1, '2018-10-10 03:52:26'),
	(296, 19, 34.8458116, 32.0807503, 0, '82.81.247.185', 1, '2018-10-10 03:53:26'),
	(297, 19, 34.8458116, 32.0807503, 0, '82.81.247.185', 1, '2018-10-10 03:54:26'),
	(298, 19, 34.8458116, 32.0807503, 0, '82.81.247.185', 1, '2018-10-10 03:55:26'),
	(299, 19, 34.8458116, 32.0807503, 0, '82.81.247.185', 1, '2018-10-10 03:56:26'),
	(300, 19, 34.8458116, 32.0807503, 0, '82.81.247.185', 1, '2018-10-10 03:57:26'),
	(301, 19, 34.8458116, 32.0807503, 0, '82.81.247.185', 1, '2018-10-10 03:58:26'),
	(302, 19, 34.8458116, 32.0807503, 0, '82.81.247.185', 1, '2018-10-10 03:59:26'),
	(303, 19, 34.845829, 32.080743, 0, '82.81.247.185', 1, '2018-10-10 04:00:26'),
	(304, 19, 34.845829, 32.080743, 0, '82.81.247.185', 1, '2018-10-10 04:01:26'),
	(305, 19, 34.845829, 32.080743, 0, '82.81.247.185', 1, '2018-10-10 04:02:26'),
	(306, 19, 34.845829, 32.080743, 0, '82.81.247.185', 1, '2018-10-10 04:03:26'),
	(307, 19, 34.845829, 32.080743, 0, '82.81.247.185', 1, '2018-10-10 04:04:26'),
	(308, 19, 34.845829, 32.080743, 0, '82.81.247.185', 1, '2018-10-10 04:05:26'),
	(309, 19, 34.845829, 32.080743, 0, '82.81.247.185', 1, '2018-10-10 04:06:26'),
	(310, 19, 34.845829, 32.080743, 0, '82.81.247.185', 1, '2018-10-10 04:07:26'),
	(311, 19, 34.845829, 32.080743, 0, '82.81.247.185', 1, '2018-10-10 04:08:26'),
	(312, 19, 34.845829, 32.080743, 0, '82.81.247.185', 1, '2018-10-10 04:09:26'),
	(313, 19, 34.845829, 32.080743, 0, '82.81.247.185', 1, '2018-10-10 04:10:26'),
	(314, 19, 34.845829, 32.080743, 0, '82.81.247.185', 1, '2018-10-10 04:11:26'),
	(315, 19, 34.845829, 32.080743, 0, '82.81.247.185', 1, '2018-10-10 04:12:26'),
	(316, 19, 34.845829, 32.080743, 0, '82.81.247.185', 1, '2018-10-10 04:13:26'),
	(317, 19, 34.845829, 32.080743, 0, '82.81.247.185', 1, '2018-10-10 04:14:26'),
	(318, 19, 34.845829, 32.080743, 0, '82.81.247.185', 1, '2018-10-10 04:15:26'),
	(319, 19, 34.845829, 32.080743, 0, '82.81.247.185', 1, '2018-10-10 04:16:26'),
	(320, 19, 34.845829, 32.080743, 0, '82.81.247.185', 1, '2018-10-10 04:17:26'),
	(321, 19, 34.845829, 32.080743, 0, '82.81.247.185', 1, '2018-10-10 04:18:26'),
	(322, 19, 34.845829, 32.080743, 0, '82.81.247.185', 1, '2018-10-10 04:19:26'),
	(323, 19, 34.845829, 32.080743, 0, '82.81.247.185', 1, '2018-10-10 04:20:26'),
	(324, 19, 34.845829, 32.080743, 0, '82.81.247.185', 1, '2018-10-10 04:21:26'),
	(325, 19, 34.845829, 32.080743, 0, '82.81.247.185', 1, '2018-10-10 04:22:26'),
	(326, 19, 34.845829, 32.080743, 0, '82.81.247.185', 1, '2018-10-10 04:23:26'),
	(327, 19, 34.845829, 32.080743, 0, '82.81.247.185', 1, '2018-10-10 04:24:26'),
	(328, 19, 34.845829, 32.080743, 0, '82.81.247.185', 1, '2018-10-10 04:25:26'),
	(329, 19, 34.845829, 32.080743, 0, '82.81.247.185', 1, '2018-10-10 04:26:26'),
	(330, 19, 34.845829, 32.080743, 0, '82.81.247.185', 1, '2018-10-10 04:27:26'),
	(331, 19, 34.845829, 32.080743, 0, '82.81.247.185', 1, '2018-10-10 04:28:26'),
	(332, 19, 34.845829, 32.080743, 0, '82.81.247.185', 1, '2018-10-10 04:29:26'),
	(333, 19, 34.845829, 32.080743, 0, '82.81.247.185', 1, '2018-10-10 04:30:26'),
	(334, 19, 34.845829, 32.080743, 0, '82.81.247.185', 1, '2018-10-10 04:31:26'),
	(335, 19, 34.845829, 32.080743, 0, '82.81.247.185', 1, '2018-10-10 04:32:26'),
	(336, 19, 34.845829, 32.080743, 0, '82.81.247.185', 1, '2018-10-10 04:33:26'),
	(337, 19, 34.845829, 32.080743, 0, '82.81.247.185', 1, '2018-10-10 04:34:26'),
	(338, 19, 34.845829, 32.080743, 0, '82.81.247.185', 1, '2018-10-10 04:35:26'),
	(339, 19, 34.845829, 32.080743, 0, '82.81.247.185', 1, '2018-10-10 04:36:26'),
	(340, 19, 34.845829, 32.080743, 0, '82.81.247.185', 1, '2018-10-10 04:37:26'),
	(341, 19, 34.845829, 32.080743, 0, '82.81.247.185', 1, '2018-10-10 04:38:26'),
	(342, 19, 34.845829, 32.080743, 0, '82.81.247.185', 1, '2018-10-10 04:39:26'),
	(343, 19, 34.845829, 32.080743, 0, '82.81.247.185', 1, '2018-10-10 04:40:26'),
	(344, 19, 34.845829, 32.080743, 0, '82.81.247.185', 1, '2018-10-10 04:41:27'),
	(345, 19, 34.845829, 32.080743, 0, '82.81.247.185', 1, '2018-10-10 04:42:27'),
	(346, 19, 34.845829, 32.080743, 0, '82.81.247.185', 1, '2018-10-10 04:43:26'),
	(347, 19, 34.845829, 32.080743, 0, '82.81.247.185', 1, '2018-10-10 04:44:26'),
	(348, 19, 34.845829, 32.080743, 0, '82.81.247.185', 1, '2018-10-10 04:45:26'),
	(349, 19, 34.845829, 32.080743, 0, '82.81.247.185', 1, '2018-10-10 04:46:26'),
	(350, 19, 34.845829, 32.080743, 0, '82.81.247.185', 1, '2018-10-10 04:47:26'),
	(351, 19, 34.845829, 32.080743, 0, '82.81.247.185', 1, '2018-10-10 04:48:26'),
	(352, 19, 34.845829, 32.080743, 0, '82.81.247.185', 1, '2018-10-10 04:49:26'),
	(353, 19, 34.845829, 32.080743, 0, '82.81.247.185', 1, '2018-10-10 04:50:26'),
	(354, 19, 34.845829, 32.080743, 0, '82.81.247.185', 1, '2018-10-10 04:51:26'),
	(355, 19, 34.845829, 32.080743, 0, '82.81.247.185', 1, '2018-10-10 04:52:26'),
	(356, 19, 34.845829, 32.080743, 0, '82.81.247.185', 1, '2018-10-10 04:53:26'),
	(357, 19, 34.845829, 32.080743, 0, '82.81.247.185', 1, '2018-10-10 04:54:26'),
	(358, 19, 34.845829, 32.080743, 0, '82.81.247.185', 1, '2018-10-10 04:55:26'),
	(359, 19, 34.845829, 32.080743, 0, '82.81.247.185', 1, '2018-10-10 04:56:26'),
	(360, 19, 34.845829, 32.080743, 0, '82.81.247.185', 1, '2018-10-10 04:57:26'),
	(361, 19, 34.845829, 32.080743, 0, '82.81.247.185', 1, '2018-10-10 04:58:26'),
	(362, 19, 34.845829, 32.080743, 0, '82.81.247.185', 1, '2018-10-10 04:59:26'),
	(363, 19, 34.845829, 32.080743, 0, '82.81.247.185', 1, '2018-10-10 05:00:26'),
	(364, 19, 34.845829, 32.080743, 0, '82.81.247.185', 1, '2018-10-10 05:01:26'),
	(365, 19, 34.845829, 32.080743, 0, '82.81.247.185', 1, '2018-10-10 05:02:26'),
	(366, 19, 34.845829, 32.080743, 0, '82.81.247.185', 1, '2018-10-10 05:03:26'),
	(367, 19, 34.845829, 32.080743, 0, '82.81.247.185', 1, '2018-10-10 05:04:26'),
	(368, 19, 34.845829, 32.080743, 0, '82.81.247.185', 1, '2018-10-10 05:05:26'),
	(369, 19, 34.845829, 32.080743, 0, '82.81.247.185', 1, '2018-10-10 05:06:26'),
	(370, 19, 34.845829, 32.080743, 0, '82.81.247.185', 1, '2018-10-10 05:07:26'),
	(371, 19, 34.845829, 32.080743, 0, '82.81.247.185', 1, '2018-10-10 05:08:26'),
	(372, 19, 34.845829, 32.080743, 0, '82.81.247.185', 1, '2018-10-10 05:09:26'),
	(373, 19, 34.8458494, 32.0807356, 0, '82.81.247.185', 1, '2018-10-10 05:26:31'),
	(374, 19, 34.8458494, 32.0807356, 0, '82.81.247.185', 1, '2018-10-10 05:26:31'),
	(375, 19, 34.8458494, 32.0807356, 0, '82.81.247.185', 1, '2018-10-10 05:26:31'),
	(376, 19, 34.8458494, 32.0807356, 0, '82.81.247.185', 1, '2018-10-10 05:26:31'),
	(377, 19, 34.8458494, 32.0807356, 0, '82.81.247.185', 1, '2018-10-10 05:26:31'),
	(378, 19, 34.8458494, 32.0807356, 0, '82.81.247.185', 1, '2018-10-10 05:26:31'),
	(379, 19, 34.8458494, 32.0807356, 0, '82.81.247.185', 1, '2018-10-10 05:26:31'),
	(380, 19, 34.8458494, 32.0807356, 0, '82.81.247.185', 1, '2018-10-10 05:26:31'),
	(381, 19, 34.8458494, 32.0807356, 0, '82.81.247.185', 1, '2018-10-10 05:26:31'),
	(382, 19, 34.8458494, 32.0807356, 0, '82.81.247.185', 1, '2018-10-10 05:26:31'),
	(383, 19, 34.8458494, 32.0807356, 0, '82.81.247.185', 1, '2018-10-10 05:26:31'),
	(384, 19, 34.8458494, 32.0807356, 0, '82.81.247.185', 1, '2018-10-10 05:26:31'),
	(385, 19, 34.8458494, 32.0807356, 0, '82.81.247.185', 1, '2018-10-10 05:26:31'),
	(386, 19, 34.8458494, 32.0807356, 0, '82.81.247.185', 1, '2018-10-10 05:26:31'),
	(387, 19, 34.8458494, 32.0807356, 0, '82.81.247.185', 1, '2018-10-10 05:26:31'),
	(388, 19, 34.8458494, 32.0807356, 0, '82.81.247.185', 1, '2018-10-10 05:26:31'),
	(389, 19, 34.8458494, 32.0807356, 0, '82.81.247.185', 1, '2018-10-10 05:26:31'),
	(390, 19, 34.8458494, 32.0807356, 0, '82.81.247.185', 1, '2018-10-10 05:27:39'),
	(391, 19, 34.8458494, 32.0807355, 0, '82.81.247.185', 1, '2018-10-10 05:28:39'),
	(392, 19, 34.8458494, 32.0807356, 0, '82.81.247.185', 1, '2018-10-10 05:29:39'),
	(393, 19, 34.8458494, 32.0807356, 0, '82.81.247.185', 1, '2018-10-10 05:30:39'),
	(394, 19, 34.8458494, 32.0807356, 0, '82.81.247.185', 1, '2018-10-10 05:31:39'),
	(395, 19, 34.8458494, 32.0807355, 0, '82.81.247.185', 1, '2018-10-10 05:32:39'),
	(396, 19, 34.8458494, 32.0807356, 0, '82.81.247.185', 1, '2018-10-10 05:33:39'),
	(397, 19, 34.8458494, 32.0807356, 0, '82.81.247.185', 1, '2018-10-10 05:34:39'),
	(398, 19, 34.8458494, 32.0807356, 0, '82.81.247.185', 1, '2018-10-10 05:35:39'),
	(399, 19, 34.8458494, 32.0807355, 0, '82.81.247.185', 1, '2018-10-10 05:36:39'),
	(400, 19, 34.8458494, 32.0807356, 0, '82.81.247.185', 1, '2018-10-10 05:37:39'),
	(401, 22, 34.8458548, 32.0807503, 0, '82.81.247.185', 1, '2018-10-10 09:03:24'),
	(402, 22, 34.8458548, 32.0807503, 0, '82.81.247.185', 1, '2018-10-10 09:04:24'),
	(403, 22, 34.8458548, 32.0807504, 0, '82.81.247.185', 1, '2018-10-10 09:05:24'),
	(404, 22, 34.8458548, 32.0807504, 0, '82.81.247.185', 1, '2018-10-10 09:06:24'),
	(405, 22, 34.8458548, 32.0807504, 0, '82.81.247.185', 1, '2018-10-10 09:07:24'),
	(406, 22, 34.8458548, 32.0807503, 0, '82.81.247.185', 1, '2018-10-10 09:08:24'),
	(407, 22, 34.8458548, 32.0807503, 0, '82.81.247.185', 1, '2018-10-10 09:09:24'),
	(408, 22, 34.8458548, 32.0807504, 0, '82.81.247.185', 1, '2018-10-10 09:10:24'),
	(409, 22, 34.8458548, 32.0807503, 0, '82.81.247.185', 1, '2018-10-10 09:11:24'),
	(410, 22, 34.8458548, 32.0807503, 0, '82.81.247.185', 1, '2018-10-10 09:12:24'),
	(411, 22, 34.8458548, 32.0807503, 0, '82.81.247.185', 1, '2018-10-10 09:13:24'),
	(412, 22, 34.8458548, 32.0807503, 0, '82.81.247.185', 1, '2018-10-10 09:14:24'),
	(413, 22, 34.8458548, 32.0807504, 0, '82.81.247.185', 1, '2018-10-10 09:15:24'),
	(414, 22, 34.8458548, 32.0807503, 0, '82.81.247.185', 1, '2018-10-10 09:16:24'),
	(415, 22, 34.8458548, 32.0807503, 0, '82.81.247.185', 1, '2018-10-10 09:17:24'),
	(416, 22, 34.8458548, 32.0807504, 0, '82.81.247.185', 1, '2018-10-10 09:18:24'),
	(417, 22, 34.8458548, 32.0807503, 0, '82.81.247.185', 1, '2018-10-10 09:19:24'),
	(418, 22, 34.8458548, 32.0807503, 0, '82.81.247.185', 1, '2018-10-10 09:28:01'),
	(419, 22, 34.8458548, 32.0807503, 0, '82.81.247.185', 1, '2018-10-10 09:28:01'),
	(420, 22, 34.8458548, 32.0807503, 0, '82.81.247.185', 1, '2018-10-10 09:28:01'),
	(421, 22, 34.8458548, 32.0807503, 0, '82.81.247.185', 1, '2018-10-10 09:28:01'),
	(422, 22, 34.8458548, 32.0807503, 0, '82.81.247.185', 1, '2018-10-10 09:28:01'),
	(423, 22, 34.8458548, 32.0807503, 0, '82.81.247.185', 1, '2018-10-10 09:28:01'),
	(424, 22, 34.8458548, 32.0807503, 0, '82.81.247.185', 1, '2018-10-10 09:28:01'),
	(425, 22, 34.8458548, 32.0807503, 0, '82.81.247.185', 1, '2018-10-10 09:28:01'),
	(426, 22, 34.8458548, 32.0807504, 0, '82.81.247.185', 1, '2018-10-10 09:28:24'),
	(427, 22, 34.8458548, 32.0807503, 0, '82.81.247.185', 1, '2018-10-10 09:29:42'),
	(428, 22, 34.8458548, 32.0807504, 0, '82.81.247.185', 1, '2018-10-10 09:30:42'),
	(429, 22, 34.8458548, 32.0807504, 0, '82.81.247.185', 1, '2018-10-10 09:31:42'),
	(430, 22, 34.8458548, 32.0807504, 0, '82.81.247.185', 1, '2018-10-10 09:32:42'),
	(431, 22, 34.8458548, 32.0807503, 0, '82.81.247.185', 1, '2018-10-10 09:33:42'),
	(432, 22, 34.8458548, 32.0807504, 0, '82.81.247.185', 1, '2018-10-10 09:34:42'),
	(433, 22, 34.8458548, 32.0807504, 0, '82.81.247.185', 1, '2018-10-10 09:35:42'),
	(434, 22, 34.8458548, 32.0807503, 0, '82.81.247.185', 1, '2018-10-10 09:36:42'),
	(435, 22, 34.8458548, 32.0807504, 0, '82.81.247.185', 1, '2018-10-10 09:37:42'),
	(436, 22, 34.8458548, 32.0807504, 0, '82.81.247.185', 1, '2018-10-10 09:38:42'),
	(437, 22, 34.8458548, 32.0807503, 0, '82.81.247.185', 1, '2018-10-10 09:39:42'),
	(438, 22, 34.8458548, 32.0807504, 0, '82.81.247.185', 1, '2018-10-10 09:40:42'),
	(439, 22, 34.8458548, 32.0807504, 0, '82.81.247.185', 1, '2018-10-10 09:41:42'),
	(440, 22, 34.8458548, 32.0807503, 0, '82.81.247.185', 1, '2018-10-10 09:42:42'),
	(441, 22, 34.8458548, 32.0807503, 0, '82.81.247.185', 1, '2018-10-10 09:43:42'),
	(442, 22, 34.8458548, 32.0807504, 0, '82.81.247.185', 1, '2018-10-10 09:45:39'),
	(443, 22, 34.8458548, 32.0807504, 0, '82.81.247.185', 1, '2018-10-10 09:46:39'),
	(444, 22, 34.8458548, 32.0807503, 0, '82.81.247.185', 1, '2018-10-10 09:47:39'),
	(445, 22, 34.8458548, 32.0807503, 0, '82.81.247.185', 1, '2018-10-10 09:48:39'),
	(446, 22, 34.8458548, 32.0807503, 0, '82.81.247.185', 1, '2018-10-10 09:49:39'),
	(447, 22, 34.8458548, 32.0807503, 0, '82.81.247.185', 1, '2018-10-10 09:50:39'),
	(448, 22, 34.8458548, 32.0807504, 0, '82.81.247.185', 1, '2018-10-10 09:51:39'),
	(449, 22, 34.8458548, 32.0807504, 0, '82.81.247.185', 1, '2018-10-10 09:52:39'),
	(450, 22, 34.8458548, 32.0807504, 0, '82.81.247.185', 1, '2018-10-10 09:53:39'),
	(451, 22, 34.8458548, 32.0807504, 0, '82.81.247.185', 1, '2018-10-10 09:54:39'),
	(452, 22, 34.8458548, 32.0807504, 0, '82.81.247.185', 1, '2018-10-10 09:55:39'),
	(453, 22, 34.8458548, 32.0807503, 0, '82.81.247.185', 1, '2018-10-10 09:56:39'),
	(454, 22, 34.8458548, 32.0807503, 0, '82.81.247.185', 1, '2018-10-10 09:57:39'),
	(455, 22, 34.8458548, 32.0807503, 0, '82.81.247.185', 1, '2018-10-10 09:58:39'),
	(456, 22, 34.8458548, 32.0807504, 0, '82.81.247.185', 1, '2018-10-10 09:59:39'),
	(457, 22, 34.8458548, 32.0807504, 0, '82.81.247.185', 1, '2018-10-10 10:00:39'),
	(458, 22, 34.8458548, 32.0807503, 0, '82.81.247.185', 1, '2018-10-10 10:01:39'),
	(459, 22, 34.8458148, 32.0807433, 61.400001525878906, '82.81.247.185', 1, '2018-10-10 10:01:55'),
	(460, 22, 34.8458548, 32.0807503, 0, '82.81.247.185', 1, '2018-10-10 10:02:39'),
	(461, 22, 34.8458548, 32.0807504, 0, '82.81.247.185', 1, '2018-10-10 10:03:39'),
	(462, 22, 34.8458548, 32.0807504, 0, '82.81.247.185', 1, '2018-10-10 10:04:39'),
	(463, 22, 34.8458548, 32.0807504, 0, '82.81.247.185', 1, '2018-10-10 10:05:39'),
	(464, 22, 34.8458548, 32.0807503, 0, '82.81.247.185', 1, '2018-10-10 10:06:39'),
	(465, 22, 34.8458548, 32.0807503, 0, '82.81.247.185', 1, '2018-10-10 10:07:39'),
	(466, 22, 34.8458548, 32.0807504, 0, '82.81.247.185', 1, '2018-10-10 10:08:39'),
	(467, 22, 34.8458548, 32.0807503, 0, '82.81.247.185', 1, '2018-10-10 10:09:39'),
	(468, 22, 34.8458548, 32.0807503, 0, '82.81.247.185', 1, '2018-10-10 10:10:39'),
	(469, 22, 34.8458548, 32.0807504, 0, '82.81.247.185', 1, '2018-10-10 10:11:39'),
	(470, 22, 34.8458548, 32.0807503, 0, '82.81.247.185', 1, '2018-10-10 10:12:39'),
	(471, 22, 34.8458548, 32.0807504, 0, '82.81.247.185', 1, '2018-10-10 10:13:39'),
	(472, 22, 34.8458548, 32.0807504, 0, '82.81.247.185', 1, '2018-10-10 10:14:39'),
	(473, 22, 34.8458548, 32.0807503, 0, '82.81.247.185', 1, '2018-10-10 10:15:40'),
	(474, 22, 34.8458548, 32.0807503, 0, '82.81.247.185', 1, '2018-10-10 10:16:39'),
	(475, 22, 34.8458548, 32.0807503, 0, '82.81.247.185', 1, '2018-10-10 10:17:39'),
	(476, 22, 34.8458548, 32.0807504, 0, '82.81.247.185', 1, '2018-10-10 10:18:39'),
	(477, 22, 34.8458548, 32.0807504, 0, '82.81.247.185', 1, '2018-10-10 10:19:39'),
	(478, 22, 34.8458548, 32.0807504, 0, '82.81.247.185', 1, '2018-10-10 10:20:39'),
	(479, 22, 34.8458548, 32.0807504, 0, '82.81.247.185', 1, '2018-10-10 10:21:39'),
	(480, 22, 34.8458548, 32.0807504, 0, '82.81.247.185', 1, '2018-10-10 10:22:39'),
	(481, 22, 34.8458548, 32.0807504, 0, '82.81.247.185', 1, '2018-10-10 10:23:39'),
	(482, 22, 34.8458548, 32.0807504, 0, '82.81.247.185', 1, '2018-10-10 10:24:39'),
	(483, 22, 34.8458548, 32.0807504, 0, '82.81.247.185', 1, '2018-10-10 10:25:39'),
	(484, 22, 34.8458548, 32.0807503, 0, '82.81.247.185', 1, '2018-10-10 10:26:39'),
	(485, 22, 34.8458548, 32.0807504, 0, '82.81.247.185', 1, '2018-10-10 10:27:39'),
	(486, 22, 34.8458548, 32.0807504, 0, '82.81.247.185', 1, '2018-10-10 10:28:39'),
	(487, 22, 34.8458548, 32.0807504, 0, '82.81.247.185', 1, '2018-10-10 10:29:39'),
	(488, 22, 34.8458548, 32.0807504, 0, '82.81.247.185', 1, '2018-10-10 10:30:39'),
	(489, 22, 34.8458548, 32.0807503, 0, '82.81.247.185', 1, '2018-10-10 10:31:39'),
	(490, 22, 34.8458548, 32.0807503, 0, '82.81.247.185', 1, '2018-10-10 10:32:39'),
	(491, 22, 34.8458548, 32.0807504, 0, '82.81.247.185', 1, '2018-10-10 10:33:39'),
	(492, 22, 34.8458548, 32.0807504, 0, '82.81.247.185', 1, '2018-10-10 10:34:39'),
	(493, 22, 34.8458548, 32.0807504, 0, '82.81.247.185', 1, '2018-10-10 10:35:39'),
	(494, 22, 34.8458548, 32.0807504, 0, '82.81.247.185', 1, '2018-10-10 10:36:39'),
	(495, 22, 34.8458548, 32.0807503, 0, '82.81.247.185', 1, '2018-10-10 10:37:39'),
	(496, 22, 34.8458548, 32.0807504, 0, '82.81.247.185', 1, '2018-10-10 10:38:39'),
	(497, 22, 34.8458548, 32.0807504, 0, '82.81.247.185', 1, '2018-10-10 10:39:39'),
	(498, 22, 34.8458548, 32.0807504, 0, '82.81.247.185', 1, '2018-10-10 10:40:39'),
	(499, 22, 34.8458548, 32.0807503, 0, '82.81.247.185', 1, '2018-10-10 10:41:39'),
	(500, 22, 34.8458548, 32.0807504, 0, '82.81.247.185', 1, '2018-10-10 10:42:39'),
	(501, 22, 34.8458548, 32.0807504, 0, '82.81.247.185', 1, '2018-10-10 10:43:39'),
	(502, 22, 34.8458548, 32.0807504, 0, '82.81.247.185', 1, '2018-10-10 10:44:39'),
	(503, 22, 34.8458548, 32.0807504, 0, '82.81.247.185', 1, '2018-10-10 10:45:39'),
	(504, 22, 34.8458548, 32.0807504, 0, '82.81.247.185', 1, '2018-10-10 10:46:39'),
	(505, 22, 34.8458548, 32.0807504, 0, '82.81.247.185', 1, '2018-10-10 10:47:39'),
	(506, 22, 34.8458548, 32.0807504, 0, '82.81.247.185', 1, '2018-10-10 10:48:39'),
	(507, 22, 34.8458548, 32.0807504, 0, '82.81.247.185', 1, '2018-10-10 10:49:39'),
	(508, 22, 34.8458548, 32.0807503, 0, '82.81.247.185', 1, '2018-10-10 10:50:39'),
	(509, 22, 34.8458548, 32.0807503, 0, '82.81.247.185', 1, '2018-10-10 10:51:39'),
	(510, 22, 34.8458548, 32.0807503, 0, '82.81.247.185', 1, '2018-10-10 10:52:39'),
	(511, 22, 34.8458548, 32.0807503, 0, '82.81.247.185', 1, '2018-10-10 10:53:39'),
	(512, 22, 34.8458548, 32.0807503, 0, '82.81.247.185', 1, '2018-10-10 10:54:39'),
	(513, 22, 34.8458548, 32.0807504, 0, '82.81.247.185', 1, '2018-10-10 10:55:39'),
	(514, 22, 34.8458548, 32.0807504, 0, '82.81.247.185', 1, '2018-10-10 10:56:39'),
	(515, 22, 34.8458548, 32.0807503, 0, '82.81.247.185', 1, '2018-10-10 10:57:39'),
	(516, 22, 34.8458548, 32.0807504, 0, '82.81.247.185', 1, '2018-10-10 10:58:39'),
	(517, 19, 53.2209848, 56.8335919, 0, '81.4.205.112', 1, '2018-10-12 08:23:18'),
	(518, 22, 34.8458546, 32.0807502, 0, '82.81.247.185', 1, '2018-10-14 05:01:40'),
	(519, 22, 34.8458546, 32.0807502, 0, '82.81.247.185', 1, '2018-10-14 05:02:40'),
	(520, 22, 34.8458546, 32.0807503, 0, '82.81.247.185', 1, '2018-10-14 05:03:40'),
	(521, 22, 34.8458546, 32.0807503, 0, '82.81.247.185', 1, '2018-10-14 05:04:48'),
	(522, 22, 34.8458546, 32.0807503, 0, '82.81.247.185', 1, '2018-10-14 05:05:48'),
	(523, 22, 34.8458546, 32.0807503, 0, '82.81.247.185', 1, '2018-10-14 05:06:48'),
	(524, 22, 34.8458546, 32.0807503, 0, '82.81.247.185', 1, '2018-10-14 05:07:48'),
	(525, 22, 34.8458546, 32.0807503, 0, '82.81.247.185', 1, '2018-10-14 05:08:48'),
	(526, 22, 34.8458546, 32.0807503, 0, '82.81.247.185', 1, '2018-10-14 05:09:48'),
	(527, 22, 34.8458546, 32.0807503, 0, '82.81.247.185', 1, '2018-10-14 05:10:48'),
	(528, 22, 34.8458546, 32.0807503, 0, '82.81.247.185', 1, '2018-10-14 05:11:48'),
	(529, 22, 34.8458546, 32.0807502, 0, '82.81.247.185', 1, '2018-10-14 05:12:48'),
	(530, 22, 34.8458546, 32.0807503, 0, '82.81.247.185', 1, '2018-10-14 05:13:48'),
	(531, 22, 34.8458546, 32.0807502, 0, '82.81.247.185', 1, '2018-10-14 05:14:48'),
	(532, 22, 34.8458546, 32.0807503, 0, '82.81.247.185', 1, '2018-10-14 05:15:48'),
	(533, 22, 34.8458546, 32.0807502, 0, '82.81.247.185', 1, '2018-10-14 05:16:48'),
	(534, 22, 34.8458546, 32.0807502, 0, '82.81.247.185', 1, '2018-10-14 05:17:48'),
	(535, 22, 34.8458546, 32.0807503, 0, '82.81.247.185', 1, '2018-10-14 05:18:48'),
	(536, 22, 34.8458546, 32.0807502, 0, '82.81.247.185', 1, '2018-10-14 05:19:48'),
	(537, 22, 34.8458546, 32.0807502, 0, '82.81.247.185', 1, '2018-10-14 05:20:48'),
	(538, 22, 34.8458546, 32.0807503, 0, '82.81.247.185', 1, '2018-10-14 05:21:48'),
	(539, 22, 34.8458546, 32.0807503, 0, '82.81.247.185', 1, '2018-10-14 05:22:48'),
	(540, 22, 34.8458546, 32.0807503, 0, '82.81.247.185', 1, '2018-10-14 05:23:48'),
	(541, 22, 34.8458546, 32.0807502, 0, '82.81.247.185', 1, '2018-10-14 05:24:48'),
	(542, 22, 34.8458546, 32.0807502, 0, '82.81.247.185', 1, '2018-10-14 05:25:48'),
	(543, 22, 34.8458546, 32.0807502, 0, '82.81.247.185', 1, '2018-10-14 05:26:48'),
	(544, 22, 34.8458546, 32.0807502, 0, '82.81.247.185', 1, '2018-10-14 05:27:48'),
	(545, 22, 34.8458546, 32.0807503, 0, '82.81.247.185', 1, '2018-10-14 05:28:48'),
	(546, 22, 34.8458546, 32.0807502, 0, '82.81.247.185', 1, '2018-10-14 05:29:48'),
	(547, 22, 34.8458546, 32.0807502, 0, '82.81.247.185', 1, '2018-10-14 05:30:48'),
	(548, 22, 34.8458546, 32.0807502, 0, '82.81.247.185', 1, '2018-10-14 05:31:48'),
	(549, 22, 34.8458546, 32.0807502, 0, '82.81.247.185', 1, '2018-10-14 05:32:48'),
	(550, 22, 34.8458546, 32.0807502, 0, '82.81.247.185', 1, '2018-10-14 05:33:48'),
	(551, 22, 34.8458546, 32.0807502, 0, '82.81.247.185', 1, '2018-10-14 05:34:48'),
	(552, 22, 34.8458546, 32.0807502, 0, '82.81.247.185', 1, '2018-10-14 05:35:48'),
	(553, 22, 34.8458546, 32.0807502, 0, '82.81.247.185', 1, '2018-10-14 05:36:48'),
	(554, 22, 34.8458546, 32.0807503, 0, '82.81.247.185', 1, '2018-10-14 05:37:48'),
	(555, 22, 34.8458546, 32.0807502, 0, '82.81.247.185', 1, '2018-10-14 05:38:48'),
	(556, 22, 34.8458546, 32.0807502, 0, '82.81.247.185', 1, '2018-10-14 05:39:48'),
	(557, 22, 34.8458546, 32.0807502, 0, '82.81.247.185', 1, '2018-10-14 05:40:48'),
	(558, 22, 34.8458546, 32.0807503, 0, '82.81.247.185', 1, '2018-10-14 05:41:48'),
	(559, 22, 34.8458546, 32.0807502, 0, '82.81.247.185', 1, '2018-10-14 05:42:48'),
	(560, 22, 34.8458546, 32.0807502, 0, '82.81.247.185', 1, '2018-10-14 05:43:48'),
	(561, 22, 34.8458546, 32.0807502, 0, '82.81.247.185', 1, '2018-10-14 05:44:48'),
	(562, 22, 34.8458546, 32.0807502, 0, '82.81.247.185', 1, '2018-10-14 05:45:48'),
	(563, 22, 34.8458546, 32.0807502, 0, '82.81.247.185', 1, '2018-10-14 05:46:48'),
	(564, 22, 34.8458546, 32.0807503, 0, '82.81.247.185', 1, '2018-10-14 05:47:48'),
	(565, 22, 34.8458546, 32.0807503, 0, '82.81.247.185', 1, '2018-10-14 05:48:48'),
	(566, 22, 34.8458546, 32.0807502, 0, '82.81.247.185', 1, '2018-10-14 05:49:48'),
	(567, 22, 34.8458546, 32.0807503, 0, '82.81.247.185', 1, '2018-10-14 05:50:48'),
	(568, 22, 34.8458546, 32.0807502, 0, '82.81.247.185', 1, '2018-10-14 05:51:48'),
	(569, 22, 34.8458546, 32.0807502, 0, '82.81.247.185', 1, '2018-10-14 05:52:48'),
	(570, 19, 34.8458495, 32.0758173, 0, '82.81.247.185', 1, '2018-10-14 05:52:54'),
	(571, 22, 34.8458546, 32.0807503, 0, '82.81.247.185', 1, '2018-10-14 05:53:48'),
	(572, 19, 34.8458495, 32.0758173, 0, '82.81.247.185', 1, '2018-10-14 05:53:53'),
	(573, 22, 34.8458546, 32.0807503, 0, '82.81.247.185', 1, '2018-10-14 05:54:48'),
	(574, 19, 34.8458495, 32.0758173, 0, '82.81.247.185', 1, '2018-10-14 05:54:53'),
	(575, 22, 34.8458546, 32.0807502, 0, '82.81.247.185', 1, '2018-10-14 05:55:48'),
	(576, 19, 34.8458495, 32.0758173, 0, '82.81.247.185', 1, '2018-10-14 05:55:53'),
	(577, 22, 34.8458546, 32.0807503, 0, '82.81.247.185', 1, '2018-10-14 05:56:48'),
	(578, 19, 34.8458495, 32.0758173, 0, '82.81.247.185', 1, '2018-10-14 05:56:53'),
	(579, 22, 34.8458546, 32.0807503, 0, '82.81.247.185', 1, '2018-10-14 05:57:48'),
	(580, 19, 34.8458495, 32.0758173, 0, '82.81.247.185', 1, '2018-10-14 05:57:53'),
	(581, 22, 34.8458546, 32.0807502, 0, '82.81.247.185', 1, '2018-10-14 05:58:48'),
	(582, 19, 34.8458495, 32.0758173, 0, '82.81.247.185', 1, '2018-10-14 05:58:53'),
	(583, 22, 34.8458546, 32.0807502, 0, '82.81.247.185', 1, '2018-10-14 05:59:48'),
	(584, 19, 34.8458495, 32.0758173, 0, '82.81.247.185', 1, '2018-10-14 05:59:53'),
	(585, 22, 34.8458546, 32.0807503, 0, '82.81.247.185', 1, '2018-10-14 06:00:48'),
	(586, 19, 34.8458495, 32.0758173, 0, '82.81.247.185', 1, '2018-10-14 06:00:53'),
	(587, 22, 34.8458546, 32.0807503, 0, '82.81.247.185', 1, '2018-10-14 06:01:48'),
	(588, 19, 34.8458495, 32.0758173, 0, '82.81.247.185', 1, '2018-10-14 06:01:53'),
	(589, 22, 34.8458546, 32.0807503, 0, '82.81.247.185', 1, '2018-10-14 06:02:48'),
	(590, 19, 34.8458495, 32.0758173, 0, '82.81.247.185', 1, '2018-10-14 06:02:53'),
	(591, 22, 34.8458546, 32.0807502, 0, '82.81.247.185', 1, '2018-10-14 06:03:48'),
	(592, 19, 34.8458495, 32.0758173, 0, '82.81.247.185', 1, '2018-10-14 06:03:53'),
	(593, 22, 34.8458546, 32.0807503, 0, '82.81.247.185', 1, '2018-10-14 06:04:48'),
	(594, 19, 34.8458495, 32.0758173, 0, '82.81.247.185', 1, '2018-10-14 06:04:53'),
	(595, 22, 34.8458546, 32.0807503, 0, '82.81.247.185', 1, '2018-10-14 06:05:48'),
	(596, 19, 34.8458495, 32.0758173, 0, '82.81.247.185', 1, '2018-10-14 06:05:53'),
	(597, 22, 34.8458546, 32.0807503, 0, '82.81.247.185', 1, '2018-10-14 06:06:48'),
	(598, 19, 34.8458495, 32.0758173, 0, '82.81.247.185', 1, '2018-10-14 06:06:53'),
	(599, 22, 34.8458546, 32.0807502, 0, '82.81.247.185', 1, '2018-10-14 06:07:48'),
	(600, 19, 34.8458495, 32.0758173, 0, '82.81.247.185', 1, '2018-10-14 06:07:53'),
	(601, 22, 34.8458546, 32.0807502, 0, '82.81.247.185', 1, '2018-10-14 06:08:48'),
	(602, 19, 34.8458495, 32.0758173, 0, '82.81.247.185', 1, '2018-10-14 06:08:53'),
	(603, 22, 34.8458546, 32.0807503, 0, '82.81.247.185', 1, '2018-10-14 06:09:48'),
	(604, 19, 34.8458495, 32.0758173, 0, '82.81.247.185', 1, '2018-10-14 06:09:53'),
	(605, 22, 34.8458546, 32.0807502, 0, '82.81.247.185', 1, '2018-10-14 06:10:48'),
	(606, 19, 34.8458495, 32.0758173, 0, '82.81.247.185', 1, '2018-10-14 06:10:53'),
	(607, 22, 34.8458546, 32.0807503, 0, '82.81.247.185', 1, '2018-10-14 06:11:48'),
	(608, 19, 34.8458495, 32.0758173, 0, '82.81.247.185', 1, '2018-10-14 06:11:53'),
	(609, 22, 34.8458546, 32.0807502, 0, '82.81.247.185', 1, '2018-10-14 06:12:48'),
	(610, 19, 34.8458495, 32.0758173, 0, '82.81.247.185', 1, '2018-10-14 06:12:53'),
	(611, 22, 34.8458546, 32.0807503, 0, '82.81.247.185', 1, '2018-10-14 06:13:48'),
	(612, 19, 34.8458495, 32.0758173, 0, '82.81.247.185', 1, '2018-10-14 06:13:53'),
	(613, 22, 34.8458546, 32.0807503, 0, '82.81.247.185', 1, '2018-10-14 06:14:48'),
	(614, 19, 34.8458495, 32.0758173, 0, '82.81.247.185', 1, '2018-10-14 06:14:53'),
	(615, 22, 34.8458546, 32.0807502, 0, '82.81.247.185', 1, '2018-10-14 06:15:48'),
	(616, 19, 34.8458495, 32.0758173, 0, '82.81.247.185', 1, '2018-10-14 06:15:53'),
	(617, 22, 34.8458546, 32.0807503, 0, '82.81.247.185', 1, '2018-10-14 06:16:48'),
	(618, 19, 34.8458495, 32.0758173, 0, '82.81.247.185', 1, '2018-10-14 06:16:53'),
	(619, 22, 34.8458546, 32.0807503, 0, '82.81.247.185', 1, '2018-10-14 06:17:48'),
	(620, 19, 34.8458495, 32.0758173, 0, '82.81.247.185', 1, '2018-10-14 06:17:53'),
	(621, 22, 34.8458546, 32.0807503, 0, '82.81.247.185', 1, '2018-10-14 06:18:48'),
	(622, 19, 34.8458495, 32.0758173, 0, '82.81.247.185', 1, '2018-10-14 06:18:53'),
	(623, 22, 34.8458546, 32.0807503, 0, '82.81.247.185', 1, '2018-10-14 06:19:48'),
	(624, 19, 34.8458495, 32.0758173, 0, '82.81.247.185', 1, '2018-10-14 06:19:53'),
	(625, 22, 34.8458546, 32.0807503, 0, '82.81.247.185', 1, '2018-10-14 06:20:48'),
	(626, 19, 34.8458495, 32.0758173, 0, '82.81.247.185', 1, '2018-10-14 06:20:53'),
	(627, 22, 34.8458546, 32.0807502, 0, '82.81.247.185', 1, '2018-10-14 06:21:48'),
	(628, 19, 34.8458495, 32.0758173, 0, '82.81.247.185', 1, '2018-10-14 06:21:53'),
	(629, 22, 34.8458546, 32.0807503, 0, '82.81.247.185', 1, '2018-10-14 06:22:48'),
	(630, 19, 34.8458495, 32.0758173, 0, '82.81.247.185', 1, '2018-10-14 06:22:53'),
	(631, 22, 34.8458546, 32.0807503, 0, '82.81.247.185', 1, '2018-10-14 06:23:48'),
	(632, 19, 34.8458495, 32.0758173, 0, '82.81.247.185', 1, '2018-10-14 06:23:53'),
	(633, 22, 34.8458546, 32.0807502, 0, '82.81.247.185', 1, '2018-10-14 06:24:48'),
	(634, 19, 34.8458495, 32.0758173, 0, '82.81.247.185', 1, '2018-10-14 06:24:53'),
	(635, 22, 34.8458546, 32.0807502, 0, '82.81.247.185', 1, '2018-10-14 06:25:48'),
	(636, 19, 34.8458495, 32.0758173, 0, '82.81.247.185', 1, '2018-10-14 06:25:53'),
	(637, 22, 34.8458546, 32.0807502, 0, '82.81.247.185', 1, '2018-10-14 06:26:48'),
	(638, 19, 34.8458495, 32.0758173, 0, '82.81.247.185', 1, '2018-10-14 06:26:53'),
	(639, 22, 34.8458546, 32.0807502, 0, '82.81.247.185', 1, '2018-10-14 06:27:48'),
	(640, 19, 34.8458495, 32.0758173, 0, '82.81.247.185', 1, '2018-10-14 06:27:53'),
	(641, 22, 34.8458546, 32.0807503, 0, '82.81.247.185', 1, '2018-10-14 06:28:48'),
	(642, 19, 34.8458495, 32.0758173, 0, '82.81.247.185', 1, '2018-10-14 06:28:53'),
	(643, 22, 34.8458546, 32.0807503, 0, '82.81.247.185', 1, '2018-10-14 06:29:48'),
	(644, 19, 34.8458495, 32.0758173, 0, '82.81.247.185', 1, '2018-10-14 06:29:53'),
	(645, 22, 34.8458546, 32.0807502, 0, '82.81.247.185', 1, '2018-10-14 06:30:48'),
	(646, 19, 34.8458495, 32.0758173, 0, '82.81.247.185', 1, '2018-10-14 06:30:53'),
	(647, 22, 34.8458546, 32.0807503, 0, '82.81.247.185', 1, '2018-10-14 06:31:48'),
	(648, 19, 34.8458495, 32.0758173, 0, '82.81.247.185', 1, '2018-10-14 06:31:53'),
	(649, 19, 34.8458495, 32.0758173, 0, '82.81.247.185', 1, '2018-10-14 06:32:53'),
	(650, 19, 34.8458495, 32.0758173, 0, '82.81.247.185', 1, '2018-10-14 06:33:53'),
	(651, 19, 34.8458495, 32.0758173, 0, '82.81.247.185', 1, '2018-10-14 06:34:53'),
	(652, 19, 34.8458495, 32.0758173, 0, '82.81.247.185', 1, '2018-10-14 06:35:53'),
	(653, 19, 34.8458495, 32.0758173, 0, '82.81.247.185', 1, '2018-10-14 06:36:53'),
	(654, 19, 34.8458495, 32.0758173, 0, '82.81.247.185', 1, '2018-10-14 06:37:53'),
	(655, 19, 34.8458495, 32.0758173, 0, '82.81.247.185', 1, '2018-10-14 06:38:53'),
	(656, 19, 34.8458495, 32.0758173, 0, '82.81.247.185', 1, '2018-10-14 06:39:53'),
	(657, 19, 34.8458495, 32.0758173, 0, '82.81.247.185', 1, '2018-10-14 06:40:53'),
	(658, 19, 34.8458495, 32.0758173, 0, '82.81.247.185', 1, '2018-10-14 06:41:53'),
	(659, 19, 34.8458495, 32.0758173, 0, '82.81.247.185', 1, '2018-10-14 06:42:53'),
	(660, 19, 34.8458495, 32.0758173, 0, '82.81.247.185', 1, '2018-10-14 06:43:53'),
	(661, 19, 34.8458495, 32.0758173, 0, '82.81.247.185', 1, '2018-10-14 06:44:53'),
	(662, 19, 34.8458495, 32.0758173, 0, '82.81.247.185', 1, '2018-10-14 06:45:53'),
	(663, 19, 34.8458495, 32.0758173, 0, '82.81.247.185', 1, '2018-10-14 06:46:53'),
	(664, 19, 34.8458495, 32.0758173, 0, '82.81.247.185', 1, '2018-10-14 06:47:53'),
	(665, 19, 34.8458495, 32.0758173, 0, '82.81.247.185', 1, '2018-10-14 06:48:53'),
	(666, 19, 34.8458495, 32.0758173, 0, '82.81.247.185', 1, '2018-10-14 06:49:53'),
	(667, 19, 34.8458495, 32.0758173, 0, '82.81.247.185', 1, '2018-10-14 06:50:53'),
	(668, 19, 34.8458495, 32.0758173, 0, '82.81.247.185', 1, '2018-10-14 06:51:53'),
	(669, 22, 34.8458546, 32.0807502, 0, '82.81.247.185', 1, '2018-10-14 06:51:56'),
	(670, 22, 34.8458546, 32.0807502, 0, '82.81.247.185', 1, '2018-10-14 06:51:56'),
	(671, 22, 34.8458546, 32.0807502, 0, '82.81.247.185', 1, '2018-10-14 06:51:56'),
	(672, 22, 34.8458546, 32.0807502, 0, '82.81.247.185', 1, '2018-10-14 06:51:56'),
	(673, 22, 34.8458546, 32.0807502, 0, '82.81.247.185', 1, '2018-10-14 06:51:57'),
	(674, 22, 34.8458546, 32.0807502, 0, '82.81.247.185', 1, '2018-10-14 06:51:57'),
	(675, 22, 34.8458546, 32.0807502, 0, '82.81.247.185', 1, '2018-10-14 06:51:57'),
	(676, 22, 34.8458546, 32.0807502, 0, '82.81.247.185', 1, '2018-10-14 06:51:57'),
	(677, 22, 34.8458546, 32.0807502, 0, '82.81.247.185', 1, '2018-10-14 06:51:57'),
	(678, 22, 34.8458546, 32.0807502, 0, '82.81.247.185', 1, '2018-10-14 06:51:57'),
	(679, 22, 34.8458546, 32.0807502, 0, '82.81.247.185', 1, '2018-10-14 06:51:57'),
	(680, 22, 34.8458546, 32.0807502, 0, '82.81.247.185', 1, '2018-10-14 06:51:57'),
	(681, 22, 34.8458546, 32.0807502, 0, '82.81.247.185', 1, '2018-10-14 06:51:57'),
	(682, 22, 34.8458546, 32.0807502, 0, '82.81.247.185', 1, '2018-10-14 06:51:57'),
	(683, 22, 34.8458546, 32.0807502, 0, '82.81.247.185', 1, '2018-10-14 06:51:57'),
	(684, 22, 34.8458546, 32.0807502, 0, '82.81.247.185', 1, '2018-10-14 06:51:57'),
	(685, 22, 34.8458546, 32.0807502, 0, '82.81.247.185', 1, '2018-10-14 06:51:57'),
	(686, 22, 34.8458546, 32.0807502, 0, '82.81.247.185', 1, '2018-10-14 06:51:57'),
	(687, 22, 34.8458546, 32.0807502, 0, '82.81.247.185', 1, '2018-10-14 06:51:57'),
	(688, 22, 34.8458546, 32.0807502, 0, '82.81.247.185', 1, '2018-10-14 06:51:57'),
	(689, 22, 34.8458546, 32.0807503, 0, '82.81.247.185', 1, '2018-10-14 06:52:48'),
	(690, 19, 34.8458495, 32.0758173, 0, '82.81.247.185', 1, '2018-10-14 06:52:54'),
	(691, 22, 34.8458546, 32.0807502, 0, '82.81.247.185', 1, '2018-10-14 06:53:48'),
	(692, 19, 34.8458495, 32.0758173, 0, '82.81.247.185', 1, '2018-10-14 06:53:53'),
	(693, 22, 34.8458546, 32.0807502, 0, '82.81.247.185', 1, '2018-10-14 06:54:48'),
	(694, 19, 34.8458495, 32.0758173, 0, '82.81.247.185', 1, '2018-10-14 06:54:53'),
	(695, 22, 34.8458546, 32.0807503, 0, '82.81.247.185', 1, '2018-10-14 06:55:48'),
	(696, 19, 34.8458495, 32.0758173, 0, '82.81.247.185', 1, '2018-10-14 06:55:53'),
	(697, 22, 34.8458546, 32.0807502, 0, '82.81.247.185', 1, '2018-10-14 06:56:48'),
	(698, 19, 34.8458495, 32.0758173, 0, '82.81.247.185', 1, '2018-10-14 06:56:53'),
	(699, 22, 34.8458546, 32.0807503, 0, '82.81.247.185', 1, '2018-10-14 06:57:48'),
	(700, 19, 34.8458495, 32.0758173, 0, '82.81.247.185', 1, '2018-10-14 06:57:54'),
	(701, 22, 34.8458546, 32.0807502, 0, '82.81.247.185', 1, '2018-10-14 06:58:48'),
	(702, 19, 34.8458495, 32.0758173, 0, '82.81.247.185', 1, '2018-10-14 06:58:53'),
	(703, 22, 34.8458546, 32.0807503, 0, '82.81.247.185', 1, '2018-10-14 06:59:48'),
	(704, 19, 34.8458495, 32.0758173, 0, '82.81.247.185', 1, '2018-10-14 06:59:53'),
	(705, 22, 34.8458546, 32.0807503, 0, '82.81.247.185', 1, '2018-10-14 07:00:48'),
	(706, 19, 34.8458495, 32.0758173, 0, '82.81.247.185', 1, '2018-10-14 07:00:53'),
	(707, 19, 34.8458495, 32.0758173, 0, '82.81.247.185', 1, '2018-10-14 07:01:53'),
	(708, 19, 34.8458495, 32.0758173, 0, '82.81.247.185', 1, '2018-10-14 07:02:54'),
	(709, 19, 34.8458495, 32.0758173, 0, '82.81.247.185', 1, '2018-10-14 07:03:53'),
	(710, 19, 34.8458495, 32.0758173, 0, '82.81.247.185', 1, '2018-10-14 07:04:54'),
	(711, 19, 34.8458495, 32.0758173, 0, '82.81.247.185', 1, '2018-10-14 07:05:53'),
	(712, 19, 34.8458495, 32.0758173, 0, '82.81.247.185', 1, '2018-10-14 07:06:53'),
	(713, 19, 34.8458495, 32.0758173, 0, '82.81.247.185', 1, '2018-10-14 07:07:53'),
	(714, 19, 34.8458495, 32.0758173, 0, '82.81.247.185', 1, '2018-10-14 07:08:53'),
	(715, 19, 34.8458495, 32.0758173, 0, '82.81.247.185', 1, '2018-10-14 07:09:53'),
	(716, 19, 34.8458495, 32.0758173, 0, '82.81.247.185', 1, '2018-10-14 07:10:53'),
	(717, 19, 34.8458495, 32.0758173, 0, '82.81.247.185', 1, '2018-10-14 07:11:53'),
	(718, 19, 34.8458495, 32.0758173, 0, '82.81.247.185', 1, '2018-10-14 07:12:53'),
	(719, 19, 34.8458495, 32.0758173, 0, '82.81.247.185', 1, '2018-10-14 07:13:53'),
	(720, 19, 34.8458495, 32.0758173, 0, '82.81.247.185', 1, '2018-10-14 07:14:53'),
	(721, 19, 34.8458495, 32.0758173, 0, '82.81.247.185', 1, '2018-10-14 07:15:53'),
	(722, 19, 34.8458495, 32.0758173, 0, '82.81.247.185', 1, '2018-10-14 07:16:53'),
	(723, 19, 34.8458495, 32.0758173, 0, '82.81.247.185', 1, '2018-10-14 07:17:53'),
	(724, 19, 34.8458495, 32.0758173, 0, '82.81.247.185', 1, '2018-10-14 07:18:53'),
	(725, 19, 34.8458495, 32.0758173, 0, '82.81.247.185', 1, '2018-10-14 07:19:53'),
	(726, 19, 34.8458495, 32.0758173, 0, '82.81.247.185', 1, '2018-10-14 07:20:53'),
	(727, 19, 34.8458495, 32.0758173, 0, '82.81.247.185', 1, '2018-10-14 07:21:53'),
	(728, 19, 34.8458495, 32.0758173, 0, '82.81.247.185', 1, '2018-10-14 07:22:53'),
	(729, 19, 34.8458495, 32.0758173, 0, '82.81.247.185', 1, '2018-10-14 07:23:53'),
	(730, 19, 34.8458495, 32.0758173, 0, '82.81.247.185', 1, '2018-10-14 07:24:53'),
	(731, 19, 34.8458495, 32.0758173, 0, '82.81.247.185', 1, '2018-10-14 07:25:53'),
	(732, 19, 34.8458495, 32.0758173, 0, '82.81.247.185', 1, '2018-10-14 07:26:53'),
	(733, 19, 34.8458495, 32.0758173, 0, '82.81.247.185', 1, '2018-10-14 07:27:53'),
	(734, 19, 34.8458495, 32.0758173, 0, '82.81.247.185', 1, '2018-10-14 07:28:53'),
	(735, 19, 34.8458495, 32.0758173, 0, '82.81.247.185', 1, '2018-10-14 07:29:53'),
	(736, 19, 34.8458495, 32.0758173, 0, '82.81.247.185', 1, '2018-10-14 07:30:53'),
	(737, 19, 34.8458495, 32.0758173, 0, '82.81.247.185', 1, '2018-10-14 07:31:53'),
	(738, 19, 34.8458495, 32.0758173, 0, '82.81.247.185', 1, '2018-10-14 07:32:53'),
	(739, 19, 34.8458495, 32.0758173, 0, '82.81.247.185', 1, '2018-10-14 07:33:53'),
	(740, 19, 34.8458495, 32.0758173, 0, '82.81.247.185', 1, '2018-10-14 07:34:53'),
	(741, 19, 34.8458495, 32.0758173, 0, '82.81.247.185', 1, '2018-10-14 07:35:53'),
	(742, 19, 34.8458495, 32.0758173, 0, '82.81.247.185', 1, '2018-10-14 07:36:53'),
	(743, 19, 34.8458495, 32.0758173, 0, '82.81.247.185', 1, '2018-10-14 07:37:53'),
	(744, 19, 34.8458495, 32.0758173, 0, '82.81.247.185', 1, '2018-10-14 07:38:53'),
	(745, 19, 34.8458495, 32.0758173, 0, '82.81.247.185', 1, '2018-10-14 07:39:53'),
	(746, 19, 34.8458495, 32.0758173, 0, '82.81.247.185', 1, '2018-10-14 07:40:53'),
	(747, 19, 34.8458495, 32.0758173, 0, '82.81.247.185', 1, '2018-10-14 07:41:53'),
	(748, 19, 34.8458495, 32.0758173, 0, '82.81.247.185', 1, '2018-10-14 07:42:53'),
	(749, 19, 34.8458495, 32.0758173, 0, '82.81.247.185', 1, '2018-10-14 07:43:53'),
	(750, 19, 34.8458495, 32.0758173, 0, '82.81.247.185', 1, '2018-10-14 07:44:54'),
	(751, 19, 34.8458495, 32.0758173, 0, '82.81.247.185', 1, '2018-10-14 07:45:53'),
	(752, 19, 34.8458495, 32.0758173, 0, '82.81.247.185', 1, '2018-10-14 07:46:53'),
	(753, 19, 34.8458495, 32.0758173, 0, '82.81.247.185', 1, '2018-10-14 07:47:53'),
	(754, 19, 34.8458495, 32.0758173, 0, '82.81.247.185', 1, '2018-10-14 07:48:53'),
	(755, 19, 34.8458495, 32.0758173, 0, '82.81.247.185', 1, '2018-10-14 07:49:53'),
	(756, 19, 34.8458495, 32.0758173, 0, '82.81.247.185', 1, '2018-10-14 07:50:53'),
	(757, 19, 34.8458495, 32.0758173, 0, '82.81.247.185', 1, '2018-10-14 07:51:53'),
	(758, 19, 34.8458495, 32.0758173, 0, '82.81.247.185', 1, '2018-10-14 07:52:53'),
	(759, 19, 34.8458495, 32.0758173, 0, '82.81.247.185', 1, '2018-10-14 07:53:54'),
	(760, 19, 34.8458495, 32.0758173, 0, '82.81.247.185', 1, '2018-10-14 07:54:53'),
	(761, 19, 34.8458495, 32.0758173, 0, '82.81.247.185', 1, '2018-10-14 07:55:53'),
	(762, 19, 34.8458695, 32.0807529, 0, '82.81.247.185', 1, '2018-10-14 07:56:53'),
	(763, 19, 34.8458701, 32.0807532, 0, '82.81.247.185', 1, '2018-10-14 07:57:53'),
	(764, 19, 34.8458495, 32.0758173, 0, '82.81.247.185', 1, '2018-10-14 07:58:53'),
	(765, 19, 34.8458495, 32.0758173, 0, '82.81.247.185', 1, '2018-10-14 07:59:53'),
	(766, 19, 34.8458495, 32.0758173, 0, '82.81.247.185', 1, '2018-10-14 08:10:07'),
	(767, 19, 34.8458495, 32.0758173, 0, '82.81.247.185', 1, '2018-10-14 08:10:07'),
	(768, 19, 34.8458495, 32.0758173, 0, '82.81.247.185', 1, '2018-10-14 08:10:07'),
	(769, 19, 34.8458495, 32.0758173, 0, '82.81.247.185', 1, '2018-10-14 08:10:07'),
	(770, 19, 34.8458495, 32.0758173, 0, '82.81.247.185', 1, '2018-10-14 08:10:07'),
	(771, 19, 34.8458495, 32.0758173, 0, '82.81.247.185', 1, '2018-10-14 08:10:07'),
	(772, 19, 34.8458495, 32.0758173, 0, '82.81.247.185', 1, '2018-10-14 08:10:07'),
	(773, 19, 34.8458495, 32.0758173, 0, '82.81.247.185', 1, '2018-10-14 08:10:07'),
	(774, 19, 34.8458495, 32.0758173, 0, '82.81.247.185', 1, '2018-10-14 08:10:07'),
	(775, 19, 34.8458495, 32.0758173, 0, '82.81.247.185', 1, '2018-10-14 08:10:07'),
	(776, 19, 34.8458495, 32.0758173, 0, '82.81.247.185', 1, '2018-10-14 08:10:53'),
	(777, 22, 34.8458453, 32.0807245, 0, '82.81.247.185', 1, '2018-10-14 08:11:33'),
	(778, 22, 34.8458453, 32.0807245, 0, '82.81.247.185', 1, '2018-10-14 08:11:33'),
	(779, 22, 34.8458453, 32.0807245, 0, '82.81.247.185', 1, '2018-10-14 08:11:33'),
	(780, 22, 34.8458453, 32.0807245, 0, '82.81.247.185', 1, '2018-10-14 08:11:33'),
	(781, 22, 34.8458453, 32.0807245, 0, '82.81.247.185', 1, '2018-10-14 08:11:33'),
	(782, 22, 34.8458453, 32.0807245, 0, '82.81.247.185', 1, '2018-10-14 08:11:33'),
	(783, 22, 34.8458453, 32.0807245, 0, '82.81.247.185', 1, '2018-10-14 08:11:33'),
	(784, 22, 34.8458453, 32.0807245, 0, '82.81.247.185', 1, '2018-10-14 08:11:33'),
	(785, 22, 34.8458453, 32.0807245, 0, '82.81.247.185', 1, '2018-10-14 08:11:33'),
	(786, 22, 34.8458453, 32.0807245, 0, '82.81.247.185', 1, '2018-10-14 08:11:33'),
	(787, 22, 34.8458453, 32.0807245, 0, '82.81.247.185', 1, '2018-10-14 08:11:33'),
	(788, 22, 34.8458453, 32.0807245, 0, '82.81.247.185', 1, '2018-10-14 08:11:33'),
	(789, 22, 34.8458453, 32.0807245, 0, '82.81.247.185', 1, '2018-10-14 08:11:33'),
	(790, 22, 34.8458453, 32.0807245, 0, '82.81.247.185', 1, '2018-10-14 08:11:33'),
	(791, 22, 34.8458453, 32.0807245, 0, '82.81.247.185', 1, '2018-10-14 08:11:33'),
	(792, 22, 34.8458453, 32.0807245, 0, '82.81.247.185', 1, '2018-10-14 08:11:33'),
	(793, 22, 34.8458453, 32.0807245, 0, '82.81.247.185', 1, '2018-10-14 08:11:33'),
	(794, 22, 34.8458453, 32.0807245, 0, '82.81.247.185', 1, '2018-10-14 08:11:33'),
	(795, 22, 34.8458453, 32.0807245, 0, '82.81.247.185', 1, '2018-10-14 08:11:33'),
	(796, 22, 34.8458453, 32.0807245, 0, '82.81.247.185', 1, '2018-10-14 08:11:34'),
	(797, 22, 34.8458453, 32.0807245, 0, '82.81.247.185', 1, '2018-10-14 08:11:34'),
	(798, 22, 34.8458453, 32.0807245, 0, '82.81.247.185', 1, '2018-10-14 08:11:34'),
	(799, 22, 34.8458453, 32.0807245, 0, '82.81.247.185', 1, '2018-10-14 08:11:34'),
	(800, 22, 34.8458453, 32.0807245, 0, '82.81.247.185', 1, '2018-10-14 08:11:34'),
	(801, 22, 34.8458453, 32.0807245, 0, '82.81.247.185', 1, '2018-10-14 08:11:34'),
	(802, 22, 34.8458453, 32.0807245, 0, '82.81.247.185', 1, '2018-10-14 08:11:34'),
	(803, 22, 34.8458453, 32.0807245, 0, '82.81.247.185', 1, '2018-10-14 08:11:34'),
	(804, 22, 34.8458453, 32.0807245, 0, '82.81.247.185', 1, '2018-10-14 08:11:34'),
	(805, 22, 34.8458453, 32.0807245, 0, '82.81.247.185', 1, '2018-10-14 08:11:34'),
	(806, 22, 34.8458453, 32.0807245, 0, '82.81.247.185', 1, '2018-10-14 08:11:34'),
	(807, 22, 34.8458453, 32.0807245, 0, '82.81.247.185', 1, '2018-10-14 08:11:34'),
	(808, 22, 34.8458453, 32.0807245, 0, '82.81.247.185', 1, '2018-10-14 08:11:34'),
	(809, 22, 34.8458453, 32.0807245, 0, '82.81.247.185', 1, '2018-10-14 08:11:34'),
	(810, 22, 34.8458453, 32.0807245, 0, '82.81.247.185', 1, '2018-10-14 08:11:34'),
	(811, 22, 34.8458453, 32.0807245, 0, '82.81.247.185', 1, '2018-10-14 08:11:34'),
	(812, 22, 34.8458453, 32.0807245, 0, '82.81.247.185', 1, '2018-10-14 08:11:34'),
	(813, 22, 34.8458453, 32.0807245, 0, '82.81.247.185', 1, '2018-10-14 08:11:34'),
	(814, 22, 34.8458453, 32.0807245, 0, '82.81.247.185', 1, '2018-10-14 08:11:34'),
	(815, 22, 34.8458453, 32.0807245, 0, '82.81.247.185', 1, '2018-10-14 08:11:34'),
	(816, 22, 34.8458453, 32.0807245, 0, '82.81.247.185', 1, '2018-10-14 08:11:34'),
	(817, 22, 34.8458453, 32.0807245, 0, '82.81.247.185', 1, '2018-10-14 08:11:34'),
	(818, 22, 34.8458453, 32.0807245, 0, '82.81.247.185', 1, '2018-10-14 08:11:34'),
	(819, 22, 34.8458453, 32.0807245, 0, '82.81.247.185', 1, '2018-10-14 08:11:34'),
	(820, 22, 34.8458453, 32.0807245, 0, '82.81.247.185', 1, '2018-10-14 08:11:34'),
	(821, 22, 34.8458453, 32.0807245, 0, '82.81.247.185', 1, '2018-10-14 08:11:34'),
	(822, 22, 34.8458453, 32.0807245, 0, '82.81.247.185', 1, '2018-10-14 08:11:34'),
	(823, 22, 34.8458453, 32.0807245, 0, '82.81.247.185', 1, '2018-10-14 08:11:34'),
	(824, 22, 34.8458453, 32.0807245, 0, '82.81.247.185', 1, '2018-10-14 08:11:34'),
	(825, 22, 34.8458453, 32.0807245, 0, '82.81.247.185', 1, '2018-10-14 08:11:34'),
	(826, 22, 34.8458453, 32.0807245, 0, '82.81.247.185', 1, '2018-10-14 08:11:34'),
	(827, 22, 34.8458453, 32.0807245, 0, '82.81.247.185', 1, '2018-10-14 08:11:34'),
	(828, 22, 34.8458453, 32.0807245, 0, '82.81.247.185', 1, '2018-10-14 08:11:34'),
	(829, 22, 34.8458453, 32.0807245, 0, '82.81.247.185', 1, '2018-10-14 08:11:34'),
	(830, 22, 34.8458453, 32.0807245, 0, '82.81.247.185', 1, '2018-10-14 08:11:34'),
	(831, 22, 34.8458453, 32.0807245, 0, '82.81.247.185', 1, '2018-10-14 08:11:34'),
	(832, 22, 34.8458453, 32.0807245, 0, '82.81.247.185', 1, '2018-10-14 08:11:34'),
	(833, 22, 34.8458453, 32.0807245, 0, '82.81.247.185', 1, '2018-10-14 08:11:34'),
	(834, 22, 34.8458453, 32.0807245, 0, '82.81.247.185', 1, '2018-10-14 08:11:34'),
	(835, 22, 34.8458453, 32.0807245, 0, '82.81.247.185', 1, '2018-10-14 08:11:34'),
	(836, 22, 34.8458453, 32.0807245, 0, '82.81.247.185', 1, '2018-10-14 08:11:34'),
	(837, 22, 34.8458453, 32.0807245, 0, '82.81.247.185', 1, '2018-10-14 08:11:34'),
	(838, 22, 34.8458453, 32.0807245, 0, '82.81.247.185', 1, '2018-10-14 08:11:34'),
	(839, 22, 34.8458453, 32.0807245, 0, '82.81.247.185', 1, '2018-10-14 08:11:34'),
	(840, 22, 34.8458453, 32.0807245, 0, '82.81.247.185', 1, '2018-10-14 08:11:34'),
	(841, 22, 34.8458453, 32.0807245, 0, '82.81.247.185', 1, '2018-10-14 08:11:34'),
	(842, 22, 34.8458453, 32.0807245, 0, '82.81.247.185', 1, '2018-10-14 08:11:34'),
	(843, 22, 34.8458453, 32.0807245, 0, '82.81.247.185', 1, '2018-10-14 08:11:34'),
	(844, 22, 34.8458453, 32.0807245, 0, '82.81.247.185', 1, '2018-10-14 08:11:34'),
	(845, 22, 34.8458453, 32.0807245, 0, '82.81.247.185', 1, '2018-10-14 08:11:34'),
	(846, 22, 34.8458453, 32.0807245, 0, '82.81.247.185', 1, '2018-10-14 08:11:34'),
	(847, 22, 34.8458453, 32.0807244, 0, '82.81.247.185', 1, '2018-10-14 08:12:39'),
	(848, 22, 34.8458453, 32.0807245, 0, '82.81.247.185', 1, '2018-10-14 08:13:39'),
	(849, 23, 34.8458194, 32.0807519, 61.400001525878906, '82.81.247.185', 1, '2018-10-14 08:13:41'),
	(850, 19, 34.8458495, 32.0758173, 0, '82.81.247.185', 1, '2018-10-14 08:14:36'),
	(851, 19, 34.8458495, 32.0758173, 0, '82.81.247.185', 1, '2018-10-14 08:14:36'),
	(852, 19, 34.8458495, 32.0758173, 0, '82.81.247.185', 1, '2018-10-14 08:14:36'),
	(853, 22, 34.8458453, 32.0807245, 0, '82.81.247.185', 1, '2018-10-14 08:14:39'),
	(854, 23, 34.8458192, 32.0807521, 61.400001525878906, '82.81.247.185', 1, '2018-10-14 08:14:43'),
	(855, 23, 34.8458196, 32.0807524, 61.400001525878906, '82.81.247.185', 1, '2018-10-14 08:15:39'),
	(856, 22, 34.8458453, 32.0807245, 0, '82.81.247.185', 1, '2018-10-14 08:15:39'),
	(857, 23, 34.8458193, 32.0807518, 61.400001525878906, '82.81.247.185', 1, '2018-10-14 08:16:39'),
	(858, 22, 34.8458453, 32.0807244, 0, '82.81.247.185', 1, '2018-10-14 08:16:39'),
	(859, 23, 34.845819, 32.0807519, 61.400001525878906, '82.81.247.185', 1, '2018-10-14 08:17:39'),
	(860, 22, 34.8458453, 32.0807245, 0, '82.81.247.185', 1, '2018-10-14 08:17:39'),
	(861, 23, 34.845819, 32.0807514, 61.400001525878906, '82.81.247.185', 1, '2018-10-14 08:18:39'),
	(862, 23, 34.8458189, 32.0807517, 61.400001525878906, '82.81.247.185', 1, '2018-10-14 08:19:39'),
	(863, 19, 34.8458495, 32.0758173, 0, '82.81.247.185', 1, '2018-10-14 08:22:38'),
	(864, 19, 34.8458495, 32.0758173, 0, '82.81.247.185', 1, '2018-10-14 08:22:38'),
	(865, 19, 34.8458495, 32.0758173, 0, '82.81.247.185', 1, '2018-10-14 08:22:38'),
	(866, 19, 34.8458495, 32.0758173, 0, '82.81.247.185', 1, '2018-10-14 08:22:38'),
	(867, 19, 34.8458495, 32.0758173, 0, '82.81.247.185', 1, '2018-10-14 08:22:38'),
	(868, 19, 34.8458495, 32.0758173, 0, '82.81.247.185', 1, '2018-10-14 08:22:38'),
	(869, 19, 34.8458495, 32.0758173, 0, '82.81.247.185', 1, '2018-10-14 08:22:38'),
	(870, 19, 34.8458495, 32.0758173, 0, '82.81.247.185', 1, '2018-10-14 08:22:38'),
	(871, 23, 34.8458198, 32.0807525, 61.400001525878906, '82.81.247.185', 1, '2018-10-14 08:22:53'),
	(872, 19, 34.8458495, 32.0758173, 0, '82.81.247.185', 1, '2018-10-14 08:22:53'),
	(873, 23, 34.8458155, 32.0807441, 61.400001525878906, '2.53.58.31', 1, '2018-10-14 08:23:45'),
	(874, 19, 34.8458495, 32.0758173, 0, '82.81.247.185', 1, '2018-10-14 08:23:53'),
	(875, 23, 34.8458193, 32.0807532, 61.400001525878906, '2.53.58.31', 1, '2018-10-14 08:24:44'),
	(876, 19, 34.8458495, 32.0758173, 0, '82.81.247.185', 1, '2018-10-14 08:24:53'),
	(877, 23, 34.8458155, 32.080744, 61.400001525878906, '2.53.58.31', 1, '2018-10-14 08:25:39'),
	(878, 19, 34.8458495, 32.0758173, 0, '82.81.247.185', 1, '2018-10-14 08:25:53'),
	(879, 23, 34.8458204, 32.0807533, 61.400001525878906, '82.81.247.185', 1, '2018-10-14 08:26:39'),
	(880, 19, 34.8458495, 32.0758173, 0, '82.81.247.185', 1, '2018-10-14 08:26:53'),
	(881, 19, 34.8458495, 32.0758173, 0, '82.81.247.185', 1, '2018-10-14 08:27:53'),
	(882, 23, 34.8458072, 32.0807562, 61.400001525878906, '82.81.247.185', 1, '2018-10-14 08:30:56'),
	(883, 23, 34.8458074, 32.0807559, 61.400001525878906, '82.81.247.185', 1, '2018-10-14 08:31:55'),
	(884, 23, 34.8457954, 32.0807493, 61.400001525878906, '82.81.247.185', 1, '2018-10-14 08:32:40'),
	(885, 23, 34.8457956, 32.0807493, 61.400001525878906, '82.81.247.185', 1, '2018-10-14 08:33:39'),
	(886, 23, 34.8457954, 32.0807492, 61.400001525878906, '82.81.247.185', 1, '2018-10-14 08:34:39'),
	(887, 23, 34.8457747, 32.0807406, 0, '82.81.247.185', 1, '2018-10-14 08:35:47'),
	(888, 23, 34.8457742, 32.0807371, 65.0999984741211, '82.81.247.185', 1, '2018-10-14 08:36:37'),
	(889, 23, 34.8457854, 32.0807235, 65.0999984741211, '82.81.247.185', 1, '2018-10-14 08:37:39'),
	(890, 23, 34.8457743, 32.0807236, 65.0999984741211, '82.81.247.185', 1, '2018-10-14 08:38:39'),
	(891, 23, 34.8457743, 32.0807371, 65.0999984741211, '82.81.247.185', 1, '2018-10-14 08:39:39'),
	(892, 23, 34.8458192, 32.0807525, 61.400001525878906, '82.81.247.185', 1, '2018-10-14 08:41:38'),
	(893, 23, 34.845815, 32.0807502, 61.400001525878906, '82.81.247.185', 1, '2018-10-14 08:42:39'),
	(894, 22, 34.8458453, 32.0807245, 0, '82.81.247.185', 1, '2018-10-14 08:44:36'),
	(895, 22, 34.8458453, 32.0807245, 0, '82.81.247.185', 1, '2018-10-14 08:45:36'),
	(896, 22, 34.8458453, 32.0807244, 0, '82.81.247.185', 1, '2018-10-14 08:46:36'),
	(897, 22, 34.8458453, 32.0807245, 0, '82.81.247.185', 1, '2018-10-14 08:47:36'),
	(898, 22, 34.8458453, 32.0807244, 0, '82.81.247.185', 1, '2018-10-14 08:51:56'),
	(899, 22, 34.8458453, 32.0807244, 0, '82.81.247.185', 1, '2018-10-14 08:51:56'),
	(900, 22, 34.8458453, 32.0807244, 0, '82.81.247.185', 1, '2018-10-14 08:51:56'),
	(901, 22, 34.8458453, 32.0807244, 0, '82.81.247.185', 1, '2018-10-14 08:51:56'),
	(902, 23, 34.8458151, 32.0807511, 61.400001525878906, '82.81.247.185', 1, '2018-10-14 09:24:13'),
	(903, 23, 34.8457966, 32.0807504, 61.400001525878906, '82.81.247.185', 1, '2018-10-14 09:25:10'),
	(904, 23, 34.8458152, 32.0807513, 61.400001525878906, '82.81.247.185', 1, '2018-10-14 09:26:05'),
	(905, 23, 34.8457967, 32.0807506, 61.400001525878906, '82.81.247.185', 1, '2018-10-14 09:27:05'),
	(906, 23, 34.8458073, 32.0807569, 61.400001525878906, '82.81.247.185', 1, '2018-10-14 09:28:04'),
	(907, 23, 34.8550676, 32.0808407, 70.80000305175781, '2.52.75.94', 1, '2018-10-15 01:48:41'),
	(908, 23, 34.8458495, 32.0758173, 0, '82.81.247.185', 1, '2018-10-15 08:04:01'),
	(909, 23, 34.8458495, 32.0758173, 0, '82.81.247.185', 1, '2018-10-15 08:05:01'),
	(910, 23, 34.8458495, 32.0758173, 0, '82.81.247.185', 1, '2018-10-15 08:06:01'),
	(911, 23, 34.8458495, 32.0758173, 0, '82.81.247.185', 1, '2018-10-15 08:07:01'),
	(912, 23, 34.8458495, 32.0758173, 0, '82.81.247.185', 1, '2018-10-15 08:08:01'),
	(913, 23, 34.8458495, 32.0758173, 0, '82.81.247.185', 1, '2018-10-15 08:09:01'),
	(914, 23, 34.8458495, 32.0758173, 0, '82.81.247.185', 1, '2018-10-15 08:10:01'),
	(915, 23, 34.8458495, 32.0758173, 0, '82.81.247.185', 1, '2018-10-15 08:11:01'),
	(916, 23, 34.8458495, 32.0758173, 0, '82.81.247.185', 1, '2018-10-15 08:26:58'),
	(917, 23, 34.8458495, 32.0758173, 0, '82.81.247.185', 1, '2018-10-15 08:26:58'),
	(918, 23, 34.8458495, 32.0758173, 0, '82.81.247.185', 1, '2018-10-15 08:26:58'),
	(919, 23, 34.8458495, 32.0758173, 0, '82.81.247.185', 1, '2018-10-15 08:26:58'),
	(920, 23, 34.8458495, 32.0758173, 0, '82.81.247.185', 1, '2018-10-15 08:26:58'),
	(921, 23, 34.8458495, 32.0758173, 0, '82.81.247.185', 1, '2018-10-15 08:26:58'),
	(922, 23, 34.8458495, 32.0758173, 0, '82.81.247.185', 1, '2018-10-15 08:26:58'),
	(923, 23, 34.8458495, 32.0758173, 0, '82.81.247.185', 1, '2018-10-15 08:26:58'),
	(924, 23, 34.8458495, 32.0758173, 0, '82.81.247.185', 1, '2018-10-15 08:26:58'),
	(925, 23, 34.8458495, 32.0758173, 0, '82.81.247.185', 1, '2018-10-15 08:26:58'),
	(926, 23, 34.8458495, 32.0758173, 0, '82.81.247.185', 1, '2018-10-15 08:26:59'),
	(927, 23, 34.8458495, 32.0758173, 0, '82.81.247.185', 1, '2018-10-15 08:26:59'),
	(928, 23, 34.8458495, 32.0758173, 0, '82.81.247.185', 1, '2018-10-15 08:26:59'),
	(929, 23, 34.8458495, 32.0758173, 0, '82.81.247.185', 1, '2018-10-15 08:26:59'),
	(930, 23, 34.8458495, 32.0758173, 0, '82.81.247.185', 1, '2018-10-15 08:26:59'),
	(931, 22, 34.8458226, 32.0807205, 0, '82.81.247.185', 1, '2018-10-16 08:32:17'),
	(932, 22, 34.8458226, 32.0807204, 0, '82.81.247.185', 1, '2018-10-16 08:33:17'),
	(933, 22, 34.8458226, 32.0807204, 0, '82.81.247.185', 1, '2018-10-16 08:34:16'),
	(934, 23, 34.8458495, 32.0857854, 0, '82.81.247.185', 1, '2018-10-16 08:38:22'),
	(935, 23, 34.8458495, 32.0857854, 0, '82.81.247.185', 1, '2018-10-16 08:38:35'),
	(936, 23, 34.8458495, 32.0857854, 0, '82.81.247.185', 1, '2018-10-16 08:39:35'),
	(937, 23, 34.8458495, 32.0857854, 0, '82.81.247.185', 1, '2018-10-16 08:40:35'),
	(938, 23, 34.8458495, 32.0857854, 0, '82.81.247.185', 1, '2018-10-16 08:41:35'),
	(939, 22, 34.8458226, 32.0807205, 0, '82.81.247.185', 1, '2018-10-16 08:41:49'),
	(940, 22, 34.8458226, 32.0807205, 0, '82.81.247.185', 1, '2018-10-16 08:41:49'),
	(941, 22, 34.8458226, 32.0807205, 0, '82.81.247.185', 1, '2018-10-16 08:41:49'),
	(942, 22, 34.8458226, 32.0807205, 0, '82.81.247.185', 1, '2018-10-16 08:41:49'),
	(943, 22, 34.8458226, 32.0807205, 0, '82.81.247.185', 1, '2018-10-16 08:41:49'),
	(944, 22, 34.8458226, 32.0807205, 0, '82.81.247.185', 1, '2018-10-16 08:41:49'),
	(945, 22, 34.8458226, 32.0807205, 0, '82.81.247.185', 1, '2018-10-16 08:41:49'),
	(946, 22, 34.8458226, 32.0807205, 0, '82.81.247.185', 1, '2018-10-16 08:42:16'),
	(947, 23, 34.8458495, 32.0857854, 0, '82.81.247.185', 1, '2018-10-16 08:42:35'),
	(948, 23, 34.8458495, 32.0857854, 0, '82.81.247.185', 1, '2018-10-16 08:43:35'),
	(949, 22, 34.8458226, 32.0807205, 0, '82.81.247.185', 1, '2018-10-16 08:43:56'),
	(950, 22, 34.8458226, 32.0807205, 0, '82.81.247.185', 1, '2018-10-16 08:44:16'),
	(951, 23, 34.8458495, 32.0857854, 0, '82.81.247.185', 1, '2018-10-16 08:44:35'),
	(952, 23, 34.8458495, 32.0857854, 0, '82.81.247.185', 1, '2018-10-16 08:45:35'),
	(953, 23, 34.8458495, 32.0857854, 0, '82.81.247.185', 1, '2018-10-16 08:46:35'),
	(954, 23, 34.8458495, 32.0857854, 0, '82.81.247.185', 1, '2018-10-16 08:47:35'),
	(955, 23, 34.8458495, 32.0857854, 0, '82.81.247.185', 1, '2018-10-16 08:48:35'),
	(956, 23, 34.8458495, 32.0857854, 0, '82.81.247.185', 1, '2018-10-16 08:49:35'),
	(957, 23, 34.8458495, 32.0857854, 0, '82.81.247.185', 1, '2018-10-16 08:50:35'),
	(958, 23, 34.8458495, 32.0857854, 0, '82.81.247.185', 1, '2018-10-16 08:51:35'),
	(959, 23, 34.8458495, 32.0857854, 0, '82.81.247.185', 1, '2018-10-16 08:52:35'),
	(960, 23, 34.8458495, 32.0857854, 0, '82.81.247.185', 1, '2018-10-16 08:53:35'),
	(961, 23, 34.8458495, 32.0857854, 0, '82.81.247.185', 1, '2018-10-16 08:54:35'),
	(962, 23, 34.8458495, 32.0857854, 0, '82.81.247.185', 1, '2018-10-16 08:55:35'),
	(963, 23, 34.8458495, 32.0857854, 0, '82.81.247.185', 1, '2018-10-16 08:56:35'),
	(964, 19, 53.2210533, 56.8335524, 0, '81.4.205.112', 1, '2018-10-17 08:22:54'),
	(965, 19, 53.2210456, 56.8335534, 0, '81.4.205.112', 1, '2018-10-17 08:23:54'),
	(966, 19, 53.2210901, 56.8335869, 0, '81.4.205.112', 1, '2018-10-17 08:28:49'),
	(967, 19, 53.2210901, 56.8335869, 0, '81.4.205.112', 1, '2018-10-17 08:28:49'),
	(968, 19, 53.2210901, 56.8335869, 0, '81.4.205.112', 1, '2018-10-17 08:28:49'),
	(969, 19, 53.2210901, 56.8335869, 0, '81.4.205.112', 1, '2018-10-17 08:28:49'),
	(970, 19, 53.2210901, 56.8335869, 0, '81.4.205.112', 1, '2018-10-17 08:28:54'),
	(971, 19, 53.2210571, 56.8336219, 0, '81.4.205.112', 1, '2018-10-17 08:29:54'),
	(972, 19, 53.2210571, 56.8336219, 0, '81.4.205.112', 1, '2018-10-17 08:30:54'),
	(973, 19, 53.221038, 56.8336358, 0, '81.4.205.112', 1, '2018-10-17 08:31:54'),
	(974, 19, 53.2210901, 56.8335869, 0, '81.4.205.112', 1, '2018-10-17 08:32:54'),
	(975, 19, 53.221038, 56.8336358, 0, '81.4.205.112', 1, '2018-10-17 08:33:54'),
	(976, 19, 53.2210712, 56.8335736, 0, '81.4.205.112', 1, '2018-10-17 08:34:54'),
	(977, 19, 34.8456018, 32.0807776, 0, '82.81.247.185', 1, '2018-10-17 08:35:29'),
	(978, 19, 53.2210453, 56.8335982, 0, '81.4.205.112', 1, '2018-10-17 08:35:54'),
	(979, 19, 34.8456018, 32.0807777, 0, '82.81.247.185', 1, '2018-10-17 08:36:29'),
	(980, 19, 53.2210616, 56.8335935, 0, '81.4.205.112', 1, '2018-10-17 08:36:54'),
	(981, 19, 34.8456018, 32.0807776, 0, '82.81.247.185', 1, '2018-10-17 08:37:29'),
	(982, 19, 53.2210482, 56.8336024, 0, '81.4.205.112', 1, '2018-10-17 08:37:54'),
	(983, 19, 34.8456018, 32.0807776, 0, '82.81.247.185', 1, '2018-10-17 08:38:29'),
	(984, 19, 53.2210482, 56.8336024, 0, '81.4.205.112', 1, '2018-10-17 08:38:54'),
	(985, 19, 34.8456018, 32.0807777, 0, '82.81.247.185', 1, '2018-10-17 08:39:29'),
	(986, 19, 53.2210492, 56.8335872, 0, '81.4.205.112', 1, '2018-10-17 08:39:54'),
	(987, 19, 34.8456018, 32.0807777, 0, '82.81.247.185', 1, '2018-10-17 08:40:29'),
	(988, 19, 53.2210482, 56.8336024, 0, '81.4.205.112', 1, '2018-10-17 08:40:54'),
	(989, 19, 34.8456018, 32.0807777, 0, '82.81.247.185', 1, '2018-10-17 08:41:31'),
	(990, 19, 53.2210482, 56.8336024, 0, '81.4.205.112', 1, '2018-10-17 08:41:54'),
	(991, 19, 34.8456018, 32.0807776, 0, '82.81.247.185', 1, '2018-10-17 08:42:32'),
	(992, 19, 53.2210482, 56.8336024, 0, '81.4.205.112', 1, '2018-10-17 08:42:54'),
	(993, 19, 34.8456018, 32.0807776, 0, '82.81.247.185', 1, '2018-10-17 08:43:29'),
	(994, 19, 53.2210482, 56.8336024, 0, '81.4.205.112', 1, '2018-10-17 08:43:54'),
	(995, 19, 34.8456018, 32.0807776, 0, '82.81.247.185', 1, '2018-10-17 08:44:29'),
	(996, 19, 53.2210482, 56.8336024, 0, '81.4.205.112', 1, '2018-10-17 08:44:54'),
	(997, 19, 34.8456018, 32.0807777, 0, '82.81.247.185', 1, '2018-10-17 08:45:29'),
	(998, 19, 53.2210482, 56.8336024, 0, '81.4.205.112', 1, '2018-10-17 08:45:54'),
	(999, 19, 34.8456018, 32.0807777, 0, '82.81.247.185', 1, '2018-10-17 08:46:29'),
	(1000, 19, 53.2210492, 56.8335872, 0, '81.4.205.112', 1, '2018-10-17 08:46:54'),
	(1001, 19, 34.8456018, 32.0807777, 0, '82.81.247.185', 1, '2018-10-17 08:47:29'),
	(1002, 19, 53.2210482, 56.8336024, 0, '81.4.205.112', 1, '2018-10-17 08:47:54'),
	(1003, 19, 34.8456018, 32.0807776, 0, '82.81.247.185', 1, '2018-10-17 08:48:29'),
	(1004, 19, 53.2210492, 56.8335872, 0, '81.4.205.112', 1, '2018-10-17 08:48:54'),
	(1005, 19, 34.8456018, 32.0807777, 0, '82.81.247.185', 1, '2018-10-17 08:49:29'),
	(1006, 19, 53.2210482, 56.8335993, 0, '81.4.205.112', 1, '2018-10-17 08:49:54'),
	(1007, 19, 34.8456018, 32.0807777, 0, '82.81.247.185', 1, '2018-10-17 08:50:29'),
	(1008, 19, 53.2210616, 56.8335935, 0, '81.4.205.112', 1, '2018-10-17 08:50:54'),
	(1009, 19, 34.8456018, 32.0807777, 0, '82.81.247.185', 1, '2018-10-17 08:51:29'),
	(1010, 19, 53.2210482, 56.8336024, 0, '81.4.205.112', 1, '2018-10-17 08:51:54'),
	(1011, 19, 34.8456018, 32.0807777, 0, '82.81.247.185', 1, '2018-10-17 08:52:29'),
	(1012, 19, 53.2210511, 56.8335897, 0, '81.4.205.112', 1, '2018-10-17 08:52:54'),
	(1013, 19, 34.8456018, 32.0807777, 0, '82.81.247.185', 1, '2018-10-17 08:53:29'),
	(1014, 19, 53.22105, 56.8335944, 0, '81.4.205.112', 1, '2018-10-17 08:53:54'),
	(1015, 19, 34.8456018, 32.0807776, 0, '82.81.247.185', 1, '2018-10-17 08:54:29'),
	(1016, 19, 53.2210511, 56.8335897, 0, '81.4.205.112', 1, '2018-10-17 08:54:54'),
	(1017, 19, 34.8457175, 32.0807483, 0, '82.81.247.185', 1, '2018-10-17 08:55:29'),
	(1018, 19, 53.2210568, 56.8335908, 0, '81.4.205.112', 1, '2018-10-17 08:55:54'),
	(1019, 19, 34.8457175, 32.0807484, 0, '82.81.247.185', 1, '2018-10-17 08:56:29'),
	(1020, 19, 53.2210511, 56.8335954, 0, '81.4.205.112', 1, '2018-10-17 08:56:54'),
	(1021, 19, 34.8457175, 32.0807484, 0, '82.81.247.185', 1, '2018-10-17 08:57:29'),
	(1022, 19, 53.2210568, 56.8335908, 0, '81.4.205.112', 1, '2018-10-17 08:57:54'),
	(1023, 19, 34.8457175, 32.0807483, 0, '82.81.247.185', 1, '2018-10-17 08:58:29'),
	(1024, 19, 34.8457175, 32.0807484, 0, '82.81.247.185', 1, '2018-10-17 08:59:29'),
	(1025, 19, 34.8457175, 32.0807484, 0, '82.81.247.185', 1, '2018-10-17 09:00:29'),
	(1026, 19, 34.8457175, 32.0807483, 0, '82.81.247.185', 1, '2018-10-17 09:01:29'),
	(1027, 19, 34.8458466, 32.0807356, 0, '82.81.247.185', 1, '2018-10-18 03:38:43'),
	(1028, 19, 34.8458351, 32.0807383, 0, '82.81.247.185', 1, '2018-10-18 03:39:43'),
	(1029, 19, 34.8458351, 32.0807382, 0, '82.81.247.185', 1, '2018-10-18 03:40:43'),
	(1030, 19, 53.2211153, 56.8335885, 0, '81.4.205.112', 1, '2018-10-18 04:21:57'),
	(1031, 19, 53.2210968, 56.8336126, 0, '81.4.205.112', 1, '2018-10-18 04:28:45'),
	(1032, 19, 53.2210968, 56.8336126, 0, '81.4.205.112', 1, '2018-10-18 04:28:45'),
	(1033, 19, 53.2210968, 56.8336126, 0, '81.4.205.112', 1, '2018-10-18 04:28:45'),
	(1034, 19, 53.2210968, 56.8336126, 0, '81.4.205.112', 1, '2018-10-18 04:28:45'),
	(1035, 19, 53.2210968, 56.8336126, 0, '81.4.205.112', 1, '2018-10-18 04:28:45'),
	(1036, 19, 53.2210968, 56.8336126, 0, '81.4.205.112', 1, '2018-10-18 04:28:45'),
	(1037, 19, 34.8458662, 32.0807441, 0, '82.81.247.185', 1, '2018-10-18 06:40:48'),
	(1038, 19, 34.8458662, 32.0807441, 0, '82.81.247.185', 1, '2018-10-18 06:41:48'),
	(1039, 19, 34.8458662, 32.0807441, 0, '82.81.247.185', 1, '2018-10-18 06:42:48'),
	(1040, 19, 34.8458662, 32.0807442, 0, '82.81.247.185', 1, '2018-10-18 06:43:48'),
	(1041, 19, 34.8458662, 32.0807442, 0, '82.81.247.185', 1, '2018-10-18 06:44:48'),
	(1042, 19, 34.8458662, 32.0807442, 0, '82.81.247.185', 1, '2018-10-18 06:45:48'),
	(1043, 19, 34.8458662, 32.0807442, 0, '82.81.247.185', 1, '2018-10-18 06:46:48'),
	(1044, 19, 34.8458662, 32.0807441, 0, '82.81.247.185', 1, '2018-10-18 06:47:48'),
	(1045, 19, 34.8458662, 32.0807442, 0, '82.81.247.185', 1, '2018-10-18 06:48:48'),
	(1046, 23, 34.8458458, 32.080754, 62.79999923706055, '82.81.247.185', 1, '2018-10-18 06:49:36'),
	(1047, 19, 34.8458662, 32.0807441, 0, '82.81.247.185', 1, '2018-10-18 06:49:48'),
	(1048, 19, 34.8458662, 32.0807441, 0, '82.81.247.185', 1, '2018-10-18 06:50:48'),
	(1049, 23, 34.8458336, 32.0807607, 62.79999923706055, '82.81.247.185', 1, '2018-10-18 06:51:29'),
	(1050, 19, 34.8458662, 32.0807441, 0, '82.81.247.185', 1, '2018-10-18 06:51:48'),
	(1051, 23, 34.8458249, 32.0807624, 62.79999923706055, '82.81.247.185', 1, '2018-10-18 06:51:51'),
	(1052, 23, 34.8458197, 32.0807576, 62.79999923706055, '82.81.247.185', 1, '2018-10-18 06:52:42'),
	(1053, 19, 34.8458662, 32.0807441, 0, '82.81.247.185', 1, '2018-10-18 06:52:48'),
	(1054, 23, 34.845833, 32.0807606, 62.79999923706055, '82.81.247.185', 1, '2018-10-18 06:53:43'),
	(1055, 19, 34.8458662, 32.0807441, 0, '82.81.247.185', 1, '2018-10-18 06:53:48'),
	(1056, 19, 34.8458662, 32.0807442, 0, '82.81.247.185', 1, '2018-10-18 06:54:48'),
	(1057, 19, 34.8458662, 32.0807441, 0, '82.81.247.185', 1, '2018-10-18 06:55:48'),
	(1058, 19, 34.8458662, 32.0807441, 0, '82.81.247.185', 1, '2018-10-18 06:56:48'),
	(1059, 19, 34.8458662, 32.0807441, 0, '82.81.247.185', 1, '2018-10-18 06:57:48'),
	(1060, 19, 34.8458662, 32.0807441, 0, '82.81.247.185', 1, '2018-10-18 06:58:48'),
	(1061, 19, 34.8458662, 32.0807441, 0, '82.81.247.185', 1, '2018-10-18 06:59:48'),
	(1062, 19, 34.8458662, 32.0807441, 0, '82.81.247.185', 1, '2018-10-18 07:00:48'),
	(1063, 19, 34.8458662, 32.0807442, 0, '82.81.247.185', 1, '2018-10-18 07:01:48'),
	(1064, 19, 34.8458662, 32.0807441, 0, '82.81.247.185', 1, '2018-10-18 07:10:12'),
	(1065, 19, 34.8458662, 32.0807441, 0, '82.81.247.185', 1, '2018-10-18 07:10:12'),
	(1066, 19, 34.8458662, 32.0807441, 0, '82.81.247.185', 1, '2018-10-18 07:10:12'),
	(1067, 19, 34.8458662, 32.0807441, 0, '82.81.247.185', 1, '2018-10-18 07:10:12'),
	(1068, 19, 34.8458662, 32.0807441, 0, '82.81.247.185', 1, '2018-10-18 07:10:12'),
	(1069, 19, 34.8458662, 32.0807441, 0, '82.81.247.185', 1, '2018-10-18 07:10:12'),
	(1070, 19, 34.8458662, 32.0807441, 0, '82.81.247.185', 1, '2018-10-18 07:10:12'),
	(1071, 19, 34.8458662, 32.0807441, 0, '82.81.247.185', 1, '2018-10-18 07:10:12'),
	(1072, 19, 34.8458662, 32.0807441, 0, '82.81.247.185', 1, '2018-10-18 07:24:24'),
	(1073, 19, 34.8458662, 32.0807441, 0, '82.81.247.185', 1, '2018-10-18 07:24:24'),
	(1074, 19, 34.8458662, 32.0807441, 0, '82.81.247.185', 1, '2018-10-18 07:24:24'),
	(1075, 19, 34.8458662, 32.0807441, 0, '82.81.247.185', 1, '2018-10-18 07:24:24'),
	(1076, 19, 34.8458662, 32.0807441, 0, '82.81.247.185', 1, '2018-10-18 07:24:24'),
	(1077, 19, 34.8458662, 32.0807441, 0, '82.81.247.185', 1, '2018-10-18 07:24:24'),
	(1078, 19, 34.8458662, 32.0807441, 0, '82.81.247.185', 1, '2018-10-18 07:24:24'),
	(1079, 19, 34.8458662, 32.0807441, 0, '82.81.247.185', 1, '2018-10-18 07:24:24'),
	(1080, 19, 34.8458662, 32.0807441, 0, '82.81.247.185', 1, '2018-10-18 07:24:24'),
	(1081, 19, 34.8458662, 32.0807441, 0, '82.81.247.185', 1, '2018-10-18 07:24:24'),
	(1082, 19, 34.8458662, 32.0807441, 0, '82.81.247.185', 1, '2018-10-18 07:24:24'),
	(1083, 19, 34.8458662, 32.0807441, 0, '82.81.247.185', 1, '2018-10-18 07:24:24'),
	(1084, 19, 34.8458662, 32.0807441, 0, '82.81.247.185', 1, '2018-10-18 07:24:24'),
	(1085, 19, 34.8458662, 32.0807441, 0, '82.81.247.185', 1, '2018-10-18 07:24:24'),
	(1086, 19, 34.8458662, 32.0807442, 0, '82.81.247.185', 1, '2018-10-18 07:24:47'),
	(1087, 19, 34.8458662, 32.0807441, 0, '82.81.247.185', 1, '2018-10-18 07:25:48'),
	(1088, 19, 34.8458662, 32.0807442, 0, '82.81.247.185', 1, '2018-10-18 07:26:48'),
	(1089, 19, 34.8458662, 32.0807442, 0, '82.81.247.185', 1, '2018-10-18 07:27:48'),
	(1090, 19, 34.8458662, 32.0807441, 0, '82.81.247.185', 1, '2018-10-18 07:28:48'),
	(1091, 19, 34.8458662, 32.0807442, 0, '82.81.247.185', 1, '2018-10-18 07:29:48'),
	(1092, 19, 53.2210587, 56.8336303, 0, '81.4.205.112', 1, '2018-10-18 07:29:52'),
	(1093, 19, 34.8458662, 32.0807442, 0, '82.81.247.185', 1, '2018-10-18 07:30:48'),
	(1094, 19, 34.8458662, 32.0807442, 0, '82.81.247.185', 1, '2018-10-18 07:31:48'),
	(1095, 19, 34.8458662, 32.0807442, 0, '82.81.247.185', 1, '2018-10-18 07:32:48'),
	(1096, 19, 34.8458662, 32.0807441, 0, '82.81.247.185', 1, '2018-10-18 07:33:48'),
	(1097, 19, 34.8458662, 32.0807441, 0, '82.81.247.185', 1, '2018-10-18 07:34:48'),
	(1098, 19, 34.8458662, 32.0807441, 0, '82.81.247.185', 1, '2018-10-18 07:35:48'),
	(1099, 19, 34.8458662, 32.0807441, 0, '82.81.247.185', 1, '2018-10-18 07:36:48'),
	(1100, 19, 34.8458662, 32.0807442, 0, '82.81.247.185', 1, '2018-10-18 07:37:48'),
	(1101, 19, 34.8458662, 32.0807442, 0, '82.81.247.185', 1, '2018-10-18 07:38:48'),
	(1102, 19, 34.8458662, 32.0807442, 0, '82.81.247.185', 1, '2018-10-18 07:39:48'),
	(1103, 19, 34.8458662, 32.0807442, 0, '82.81.247.185', 1, '2018-10-18 07:40:48'),
	(1104, 19, 34.8458662, 32.0807442, 0, '82.81.247.185', 1, '2018-10-18 07:41:48'),
	(1105, 19, 34.8458662, 32.0807441, 0, '82.81.247.185', 1, '2018-10-18 07:42:48'),
	(1106, 19, 34.8458662, 32.0807441, 0, '82.81.247.185', 1, '2018-10-18 07:43:48'),
	(1107, 23, 34.8458667, 32.0807456, 62.79999923706055, '82.81.247.185', 1, '2018-10-18 07:43:51'),
	(1108, 19, 34.8458662, 32.0807442, 0, '82.81.247.185', 1, '2018-10-18 07:44:48'),
	(1109, 19, 34.8458662, 32.0807442, 0, '82.81.247.185', 1, '2018-10-18 07:45:48'),
	(1110, 19, 34.8458662, 32.0807442, 0, '82.81.247.185', 1, '2018-10-18 07:46:48'),
	(1111, 19, 53.2210336, 56.8336467, 0, '81.4.205.112', 1, '2018-10-18 07:47:18'),
	(1112, 19, 53.2210336, 56.8336467, 0, '81.4.205.112', 1, '2018-10-18 07:47:18'),
	(1113, 19, 53.2210336, 56.8336467, 0, '81.4.205.112', 1, '2018-10-18 07:47:18'),
	(1114, 19, 53.2210336, 56.8336467, 0, '81.4.205.112', 1, '2018-10-18 07:47:19'),
	(1115, 19, 53.2210336, 56.8336467, 0, '81.4.205.112', 1, '2018-10-18 07:47:19'),
	(1116, 19, 53.2210336, 56.8336467, 0, '81.4.205.112', 1, '2018-10-18 07:47:19'),
	(1117, 19, 53.2210336, 56.8336467, 0, '81.4.205.112', 1, '2018-10-18 07:47:19'),
	(1118, 19, 53.2210336, 56.8336467, 0, '81.4.205.112', 1, '2018-10-18 07:47:19'),
	(1119, 19, 53.2210336, 56.8336467, 0, '81.4.205.112', 1, '2018-10-18 07:47:19'),
	(1120, 19, 53.2210336, 56.8336467, 0, '81.4.205.112', 1, '2018-10-18 07:47:19'),
	(1121, 19, 53.2210336, 56.8336467, 0, '81.4.205.112', 1, '2018-10-18 07:47:19'),
	(1122, 19, 53.2210336, 56.8336467, 0, '81.4.205.112', 1, '2018-10-18 07:47:19'),
	(1123, 19, 53.2210336, 56.8336467, 0, '81.4.205.112', 1, '2018-10-18 07:47:19'),
	(1124, 19, 53.2210336, 56.8336467, 0, '81.4.205.112', 1, '2018-10-18 07:47:19'),
	(1125, 19, 53.2210336, 56.8336467, 0, '81.4.205.112', 1, '2018-10-18 07:47:19'),
	(1126, 19, 53.2210336, 56.8336467, 0, '81.4.205.112', 1, '2018-10-18 07:47:19'),
	(1127, 19, 53.2210336, 56.8336467, 0, '81.4.205.112', 1, '2018-10-18 07:47:19'),
	(1128, 19, 34.8458662, 32.0807441, 0, '82.81.247.185', 1, '2018-10-18 07:47:48'),
	(1129, 23, 34.8458664, 32.0807448, 62.79999923706055, '82.81.247.185', 1, '2018-10-18 07:48:14'),
	(1130, 19, 34.8458662, 32.0807441, 0, '82.81.247.185', 1, '2018-10-18 07:48:48'),
	(1131, 19, 34.8458662, 32.0807442, 0, '82.81.247.185', 1, '2018-10-18 07:49:48'),
	(1132, 19, 53.2210503, 56.8336087, 0, '81.4.205.112', 1, '2018-10-18 07:50:02'),
	(1133, 19, 53.2210503, 56.8336087, 0, '81.4.205.112', 1, '2018-10-18 07:50:02'),
	(1134, 19, 53.2210503, 56.8336087, 0, '81.4.205.112', 1, '2018-10-18 07:50:02'),
	(1135, 19, 34.8458662, 32.0807442, 0, '82.81.247.185', 1, '2018-10-18 07:50:48'),
	(1136, 19, 34.8458662, 32.0807442, 0, '82.81.247.185', 1, '2018-10-18 07:51:48'),
	(1137, 19, 34.8458662, 32.0807441, 0, '82.81.247.185', 1, '2018-10-18 07:52:48'),
	(1138, 19, 34.8458662, 32.0807442, 0, '82.81.247.185', 1, '2018-10-18 07:53:48'),
	(1139, 19, 34.8458662, 32.0807441, 0, '82.81.247.185', 1, '2018-10-18 07:54:48'),
	(1140, 19, 34.8458662, 32.0807442, 0, '82.81.247.185', 1, '2018-10-18 07:55:48'),
	(1141, 19, 34.8458662, 32.0807442, 0, '82.81.247.185', 1, '2018-10-18 07:56:48'),
	(1142, 19, 34.8458662, 32.0807441, 0, '82.81.247.185', 1, '2018-10-18 07:57:48'),
	(1143, 19, 34.8458662, 32.0807441, 0, '82.81.247.185', 1, '2018-10-18 07:58:48'),
	(1144, 19, 34.8458662, 32.0807441, 0, '82.81.247.185', 1, '2018-10-18 07:59:48'),
	(1145, 19, 34.8458662, 32.0807441, 0, '82.81.247.185', 1, '2018-10-18 08:00:48'),
	(1146, 19, 34.8458662, 32.0807441, 0, '82.81.247.185', 1, '2018-10-18 08:01:48'),
	(1147, 19, 34.8458662, 32.0807442, 0, '82.81.247.185', 1, '2018-10-18 08:02:48'),
	(1148, 19, 34.8458662, 32.0807441, 0, '82.81.247.185', 1, '2018-10-18 08:03:48'),
	(1149, 19, 34.8458662, 32.0807442, 0, '82.81.247.185', 1, '2018-10-18 08:04:48'),
	(1150, 19, 34.8458662, 32.0807441, 0, '82.81.247.185', 1, '2018-10-18 08:05:48'),
	(1151, 19, 34.8458662, 32.0807442, 0, '82.81.247.185', 1, '2018-10-18 08:06:48'),
	(1152, 19, 34.8458662, 32.0807442, 0, '82.81.247.185', 1, '2018-10-18 08:07:48'),
	(1153, 19, 34.8458662, 32.0807442, 0, '82.81.247.185', 1, '2018-10-18 08:08:48'),
	(1154, 19, 34.8458662, 32.0807442, 0, '82.81.247.185', 1, '2018-10-18 08:09:48'),
	(1155, 19, 34.8458662, 32.0807442, 0, '82.81.247.185', 1, '2018-10-18 08:10:48'),
	(1156, 19, 34.8458662, 32.0807441, 0, '82.81.247.185', 1, '2018-10-18 08:11:48'),
	(1157, 19, 34.8458662, 32.0807441, 0, '82.81.247.185', 1, '2018-10-18 08:12:48'),
	(1158, 19, 34.8458662, 32.0807441, 0, '82.81.247.185', 1, '2018-10-18 08:13:48'),
	(1159, 19, 34.8458662, 32.0807441, 0, '82.81.247.185', 1, '2018-10-18 08:14:48'),
	(1160, 19, 34.8458662, 32.0807442, 0, '82.81.247.185', 1, '2018-10-18 08:15:48'),
	(1161, 19, 34.8458662, 32.0807441, 0, '82.81.247.185', 1, '2018-10-18 08:16:48'),
	(1162, 19, 34.8458662, 32.0807441, 0, '82.81.247.185', 1, '2018-10-18 08:17:48'),
	(1163, 19, 34.8458662, 32.0807442, 0, '82.81.247.185', 1, '2018-10-18 08:18:48'),
	(1164, 19, 34.8458662, 32.0807442, 0, '82.81.247.185', 1, '2018-10-18 08:19:48'),
	(1165, 19, 34.8458662, 32.0807441, 0, '82.81.247.185', 1, '2018-10-18 08:20:48'),
	(1166, 19, 34.8458662, 32.0807442, 0, '82.81.247.185', 1, '2018-10-18 08:21:48'),
	(1167, 19, 34.8458662, 32.0807442, 0, '82.81.247.185', 1, '2018-10-18 08:22:48'),
	(1168, 19, 53.2210382, 56.833642, 0, '81.4.205.112', 1, '2018-10-18 08:46:44'),
	(1169, 19, 53.221001, 56.8336711, 0, '81.4.205.112', 1, '2018-10-18 08:47:44'),
	(1170, 19, 53.221001, 56.8336711, 0, '81.4.205.112', 1, '2018-10-18 08:48:44'),
	(1171, 19, 53.221001, 56.8336711, 0, '81.4.205.112', 1, '2018-10-18 08:50:32'),
	(1172, 23, 34.8458704, 32.0807463, 62.79999923706055, '82.81.247.185', 31, '2018-10-18 08:51:01'),
	(1173, 19, 34.8458662, 32.0807441, 0, '82.81.247.185', 31, '2018-10-18 08:51:48'),
	(1174, 19, 53.2211142, 56.833584, 0, '81.4.205.112', 1, '2018-10-18 08:53:45'),
	(1175, 19, 53.2211142, 56.833584, 0, '81.4.205.112', 1, '2018-10-18 08:55:39'),
	(1176, 19, 53.2211142, 56.833584, 0, '81.4.205.112', 1, '2018-10-18 08:55:45'),
	(1177, 23, 34.8458682, 32.0807452, 62.79999923706055, '82.81.247.185', 31, '2018-10-18 09:03:26'),
	(1178, 19, 34.8458662, 32.0807441, 0, '82.81.247.185', 31, '2018-10-18 09:03:51'),
	(1179, 19, 34.8458662, 32.0807441, 0, '82.81.247.185', 31, '2018-10-18 09:03:51'),
	(1180, 19, 34.8458662, 32.0807441, 0, '82.81.247.185', 31, '2018-10-18 09:03:51'),
	(1181, 19, 34.8458662, 32.0807441, 0, '82.81.247.185', 31, '2018-10-18 09:03:51'),
	(1182, 19, 34.8458662, 32.0807441, 0, '82.81.247.185', 31, '2018-10-18 09:03:51'),
	(1183, 19, 34.8458662, 32.0807441, 0, '82.81.247.185', 31, '2018-10-18 09:03:51'),
	(1184, 19, 34.8458662, 32.0807441, 0, '82.81.247.185', 31, '2018-10-18 09:03:51'),
	(1185, 19, 34.8458662, 32.0807441, 0, '82.81.247.185', 31, '2018-10-18 09:03:51'),
	(1186, 19, 34.8458662, 32.0807441, 0, '82.81.247.185', 31, '2018-10-18 09:03:51'),
	(1187, 19, 34.8458662, 32.0807441, 0, '82.81.247.185', 31, '2018-10-18 09:03:51'),
	(1188, 19, 34.8458662, 32.0807441, 0, '82.81.247.185', 31, '2018-10-18 09:03:51'),
	(1189, 19, 34.8458662, 32.0807441, 0, '82.81.247.185', 31, '2018-10-18 09:03:52'),
	(1190, 19, 53.2210606, 56.8336174, 0, '81.4.205.112', 1, '2018-10-18 09:17:54'),
	(1191, 19, 53.2210606, 56.8336174, 0, '81.4.205.112', 1, '2018-10-18 09:17:54'),
	(1192, 19, 53.2210606, 56.8336174, 0, '81.4.205.112', 1, '2018-10-18 09:17:54'),
	(1193, 19, 53.2210606, 56.8336174, 0, '81.4.205.112', 1, '2018-10-18 09:17:54'),
	(1194, 19, 53.2210606, 56.8336174, 0, '81.4.205.112', 1, '2018-10-18 09:17:54'),
	(1195, 19, 53.2210606, 56.8336174, 0, '81.4.205.112', 1, '2018-10-18 09:17:54'),
	(1196, 19, 53.2210606, 56.8336174, 0, '81.4.205.112', 1, '2018-10-18 09:17:54'),
	(1197, 19, 53.2210606, 56.8336174, 0, '81.4.205.112', 1, '2018-10-18 09:17:54'),
	(1198, 19, 53.2210606, 56.8336174, 0, '81.4.205.112', 1, '2018-10-18 09:17:54'),
	(1199, 19, 53.2210606, 56.8336174, 0, '81.4.205.112', 1, '2018-10-18 09:17:54'),
	(1200, 19, 53.2210606, 56.8336174, 0, '81.4.205.112', 1, '2018-10-18 09:17:54'),
	(1201, 19, 53.2210606, 56.8336174, 0, '81.4.205.112', 1, '2018-10-18 09:17:54'),
	(1202, 19, 53.2210606, 56.8336174, 0, '81.4.205.112', 1, '2018-10-18 09:17:54'),
	(1203, 19, 53.2210606, 56.8336174, 0, '81.4.205.112', 1, '2018-10-18 09:17:54'),
	(1204, 19, 53.2210606, 56.8336174, 0, '81.4.205.112', 1, '2018-10-18 09:17:54'),
	(1205, 19, 53.2210606, 56.8336174, 0, '81.4.205.112', 1, '2018-10-18 09:17:54'),
	(1206, 19, 53.2210606, 56.8336174, 0, '81.4.205.112', 1, '2018-10-18 09:17:55'),
	(1207, 19, 53.2210606, 56.8336174, 0, '81.4.205.112', 1, '2018-10-18 09:17:55'),
	(1208, 19, 53.2210606, 56.8336174, 0, '81.4.205.112', 1, '2018-10-18 09:17:55'),
	(1209, 19, 53.2210606, 56.8336174, 0, '81.4.205.112', 1, '2018-10-18 09:17:55'),
	(1210, 19, 53.2210606, 56.8336174, 0, '81.4.205.112', 1, '2018-10-18 09:17:55'),
	(1211, 19, 53.2210606, 56.8336174, 0, '81.4.205.112', 1, '2018-10-18 09:17:55'),
	(1212, 19, 34.8547788, 32.0800824, 0, '79.182.231.90', 1, '2018-10-18 10:02:22'),
	(1213, 19, 34.8547788, 32.0800824, 0, '79.182.231.90', 1, '2018-10-18 10:03:22'),
	(1214, 19, 34.8547788, 32.0800824, 0, '79.182.231.90', 1, '2018-10-18 10:04:22'),
	(1215, 19, 34.8547882, 32.0800781, 0, '79.182.231.90', 1, '2018-10-18 10:09:22'),
	(1216, 19, 34.8547882, 32.0800781, 0, '79.182.231.90', 1, '2018-10-18 10:10:22'),
	(1217, 19, 34.8547882, 32.0800781, 0, '79.182.231.90', 1, '2018-10-18 10:11:22'),
	(1218, 19, 34.8547882, 32.0800781, 0, '79.182.231.90', 1, '2018-10-18 10:12:22'),
	(1219, 19, 34.8547882, 32.0800781, 0, '79.182.231.90', 1, '2018-10-18 10:13:22'),
	(1220, 19, 34.8547882, 32.0800781, 0, '79.182.231.90', 1, '2018-10-18 10:14:22'),
	(1221, 19, 34.8547882, 32.0800781, 0, '79.182.231.90', 1, '2018-10-18 10:15:22'),
	(1222, 19, 34.8547882, 32.0800781, 0, '79.182.231.90', 1, '2018-10-18 10:16:22'),
	(1223, 19, 34.8547882, 32.0800781, 0, '79.182.231.90', 1, '2018-10-18 10:17:22'),
	(1224, 19, 34.8547882, 32.0800781, 0, '79.182.231.90', 1, '2018-10-18 10:18:22'),
	(1225, 19, 34.8547882, 32.0800781, 0, '79.182.231.90', 1, '2018-10-18 10:19:22'),
	(1226, 19, 34.8547882, 32.0800781, 0, '79.182.231.90', 1, '2018-10-18 10:20:22'),
	(1227, 19, 34.8547882, 32.0800781, 0, '79.182.231.90', 1, '2018-10-18 10:21:22'),
	(1228, 19, 34.8547882, 32.0800781, 0, '79.182.231.90', 1, '2018-10-18 10:22:22'),
	(1229, 19, 34.8547882, 32.0800781, 0, '79.182.231.90', 1, '2018-10-18 10:23:22'),
	(1230, 19, 34.8547882, 32.0800781, 0, '79.182.231.90', 1, '2018-10-18 10:24:22'),
	(1231, 19, 34.8547882, 32.0800781, 0, '79.182.231.90', 1, '2018-10-18 10:25:22'),
	(1232, 19, 34.8547882, 32.0800781, 0, '79.182.231.90', 1, '2018-10-18 10:26:22'),
	(1233, 19, 34.8547882, 32.0800781, 0, '79.182.231.90', 1, '2018-10-18 10:27:22'),
	(1234, 19, 34.8547882, 32.0800781, 0, '79.182.231.90', 1, '2018-10-18 10:28:22'),
	(1235, 19, 34.8547882, 32.0800781, 0, '79.182.231.90', 1, '2018-10-18 10:29:22'),
	(1236, 19, 34.8547882, 32.0800781, 0, '79.182.231.90', 1, '2018-10-18 10:30:22'),
	(1237, 19, 34.8547882, 32.0800781, 0, '79.182.231.90', 1, '2018-10-18 10:31:22'),
	(1238, 19, 34.8547882, 32.0800781, 0, '79.182.231.90', 1, '2018-10-18 10:32:22'),
	(1239, 19, 34.8547882, 32.0800781, 0, '79.182.231.90', 1, '2018-10-18 10:33:22'),
	(1240, 19, 34.8547882, 32.0800781, 0, '79.182.231.90', 1, '2018-10-18 10:34:22'),
	(1241, 19, 34.8547882, 32.0800781, 0, '79.182.231.90', 1, '2018-10-18 10:35:22'),
	(1242, 19, 34.8547882, 32.0800781, 0, '79.182.231.90', 1, '2018-10-18 10:36:22'),
	(1243, 19, 34.8547882, 32.0800781, 0, '79.182.231.90', 1, '2018-10-18 10:37:22'),
	(1244, 19, 34.8547882, 32.0800781, 0, '79.182.231.90', 1, '2018-10-18 10:38:22'),
	(1245, 19, 34.8547882, 32.0800781, 0, '79.182.231.90', 1, '2018-10-18 10:39:22'),
	(1246, 19, 34.8547882, 32.0800781, 0, '79.182.231.90', 1, '2018-10-18 10:40:22'),
	(1247, 19, 34.8547882, 32.0800781, 0, '79.182.231.90', 1, '2018-10-18 10:41:22'),
	(1248, 19, 34.8547882, 32.0800781, 0, '79.182.231.90', 1, '2018-10-18 10:42:22'),
	(1249, 19, 34.8547882, 32.0800781, 0, '79.182.231.90', 1, '2018-10-18 10:43:22'),
	(1250, 19, 34.8547882, 32.0800781, 0, '79.182.231.90', 1, '2018-10-18 10:44:22'),
	(1251, 19, 34.8547882, 32.0800781, 0, '79.182.231.90', 1, '2018-10-18 10:45:22'),
	(1252, 19, 34.8547882, 32.0800781, 0, '79.182.231.90', 1, '2018-10-18 10:46:22'),
	(1253, 19, 34.8547882, 32.0800781, 0, '79.182.231.90', 1, '2018-10-18 10:47:22'),
	(1254, 19, 34.8547882, 32.0800781, 0, '79.182.231.90', 1, '2018-10-18 10:48:22'),
	(1255, 19, 34.8547882, 32.0800781, 0, '79.182.231.90', 1, '2018-10-18 10:49:22'),
	(1256, 19, 34.8458296, 32.0807464, 0, '82.81.247.185', 31, '2018-10-22 02:58:45'),
	(1257, 19, 34.8458296, 32.0807464, 0, '82.81.247.185', 31, '2018-10-22 02:59:45'),
	(1258, 19, 34.8458296, 32.0807464, 0, '82.81.247.185', 31, '2018-10-22 03:00:45'),
	(1259, 19, 34.8458296, 32.0807464, 0, '82.81.247.185', 31, '2018-10-22 03:01:45'),
	(1260, 19, 34.8458296, 32.0807464, 0, '82.81.247.185', 31, '2018-10-22 03:02:45'),
	(1261, 19, 34.8458296, 32.0807464, 0, '82.81.247.185', 31, '2018-10-22 03:03:45'),
	(1262, 19, 34.8458296, 32.0807464, 0, '82.81.247.185', 31, '2018-10-22 03:04:45'),
	(1263, 19, 34.8458296, 32.0807464, 0, '82.81.247.185', 31, '2018-10-22 03:05:45'),
	(1264, 19, 34.8458296, 32.0807464, 0, '82.81.247.185', 31, '2018-10-22 03:06:45'),
	(1265, 19, 34.8458296, 32.0807464, 0, '82.81.247.185', 31, '2018-10-22 03:07:45'),
	(1266, 19, 34.8458296, 32.0807464, 0, '82.81.247.185', 31, '2018-10-22 03:08:45'),
	(1267, 19, 34.8458296, 32.0807464, 0, '82.81.247.185', 31, '2018-10-22 03:09:45'),
	(1268, 19, 34.8458296, 32.0807464, 0, '82.81.247.185', 31, '2018-10-22 03:10:45'),
	(1269, 19, 34.8458296, 32.0807464, 0, '82.81.247.185', 31, '2018-10-22 03:11:45'),
	(1270, 19, 34.8458296, 32.0807464, 0, '82.81.247.185', 31, '2018-10-22 03:12:45'),
	(1271, 19, 34.8458296, 32.0807464, 0, '82.81.247.185', 31, '2018-10-22 03:13:45'),
	(1272, 19, 34.8458296, 32.0807464, 0, '82.81.247.185', 31, '2018-10-22 03:14:45'),
	(1273, 19, 34.8458296, 32.0807464, 0, '82.81.247.185', 31, '2018-10-22 03:15:45'),
	(1274, 19, 34.8458296, 32.0807464, 0, '82.81.247.185', 31, '2018-10-22 03:16:45'),
	(1275, 19, 34.8458296, 32.0807464, 0, '82.81.247.185', 31, '2018-10-22 03:17:45'),
	(1276, 19, 34.8458296, 32.0807464, 0, '82.81.247.185', 31, '2018-10-22 03:18:45'),
	(1277, 19, 34.8458296, 32.0807464, 0, '82.81.247.185', 31, '2018-10-22 03:19:45'),
	(1278, 19, 34.8458296, 32.0807464, 0, '82.81.247.185', 31, '2018-10-22 03:20:45'),
	(1279, 19, 34.8458296, 32.0807464, 0, '82.81.247.185', 31, '2018-10-22 03:21:45'),
	(1280, 19, 34.8458296, 32.0807464, 0, '82.81.247.185', 31, '2018-10-22 03:22:45'),
	(1281, 19, 34.8458296, 32.0807464, 0, '82.81.247.185', 31, '2018-10-22 03:23:45'),
	(1282, 19, 34.8458296, 32.0807464, 0, '82.81.247.185', 31, '2018-10-22 03:24:45'),
	(1283, 19, 34.8458296, 32.0807464, 0, '82.81.247.185', 31, '2018-10-22 03:25:45'),
	(1284, 19, 34.8458296, 32.0807464, 0, '82.81.247.185', 31, '2018-10-22 03:26:45'),
	(1285, 19, 34.8458296, 32.0807464, 0, '82.81.247.185', 31, '2018-10-22 03:27:45'),
	(1286, 19, 34.8458296, 32.0807464, 0, '82.81.247.185', 31, '2018-10-22 03:28:45'),
	(1287, 23, 34.8458697, 32.0807455, 62.79999923706055, '82.81.247.185', 31, '2018-10-22 03:28:58'),
	(1288, 23, 34.8458702, 32.0807454, 62.79999923706055, '82.81.247.185', 31, '2018-10-22 03:29:40'),
	(1289, 19, 34.8458296, 32.0807464, 0, '82.81.247.185', 31, '2018-10-22 03:29:45'),
	(1290, 19, 34.8306485, 32.0792736, 0, '82.81.247.185', 1, '2018-10-22 03:30:10'),
	(1291, 19, 34.8458296, 32.0807464, 0, '82.81.247.185', 31, '2018-10-22 03:30:45'),
	(1292, 23, 34.8458583, 32.0807488, 62.79999923706055, '82.81.247.185', 31, '2018-10-22 03:30:45'),
	(1293, 19, 34.8306485, 32.0792736, 0, '82.81.247.185', 1, '2018-10-22 03:31:10'),
	(1294, 23, 34.8458691, 32.0807456, 62.79999923706055, '82.81.247.185', 31, '2018-10-22 03:31:40'),
	(1295, 19, 34.8458296, 32.0807464, 0, '82.81.247.185', 31, '2018-10-22 03:31:45'),
	(1296, 19, 34.8306485, 32.0792736, 0, '82.81.247.185', 1, '2018-10-22 03:32:10'),
	(1297, 23, 34.8458581, 32.080749, 62.79999923706055, '82.81.247.185', 31, '2018-10-22 03:32:40'),
	(1298, 19, 34.8458296, 32.0807464, 0, '82.81.247.185', 31, '2018-10-22 03:32:45'),
	(1299, 19, 34.8458296, 32.0807464, 0, '82.81.247.185', 31, '2018-10-22 03:33:45'),
	(1300, 19, 34.8306485, 32.0792736, 0, '82.81.247.185', 1, '2018-10-22 03:34:26'),
	(1301, 19, 34.8458296, 32.0807464, 0, '82.81.247.185', 31, '2018-10-22 03:34:45'),
	(1302, 23, 34.8458563, 32.0807486, 62.79999923706055, '82.81.247.185', 31, '2018-10-22 03:34:49'),
	(1303, 19, 34.8306485, 32.0792736, 0, '82.81.247.185', 1, '2018-10-22 03:35:26'),
	(1304, 19, 34.8458296, 32.0807464, 0, '82.81.247.185', 31, '2018-10-22 03:35:47'),
	(1305, 19, 34.8458296, 32.0807464, 0, '82.81.247.185', 31, '2018-10-22 03:36:45'),
	(1306, 19, 34.8306485, 32.0792736, 0, '82.81.247.185', 1, '2018-10-22 03:36:46'),
	(1307, 19, 34.8458296, 32.0807464, 0, '82.81.247.185', 31, '2018-10-22 03:37:45'),
	(1308, 19, 34.8306485, 32.0792736, 0, '82.81.247.185', 1, '2018-10-22 03:38:34'),
	(1309, 19, 34.8458296, 32.0807464, 0, '82.81.247.185', 31, '2018-10-22 03:38:45'),
	(1310, 23, 34.8458675, 32.0807443, 62.79999923706055, '82.81.247.185', 31, '2018-10-22 03:39:17'),
	(1311, 22, 34.8457574, 32.0807666, 33.345672607421875, '82.81.247.185', 31, '2018-10-22 03:39:24'),
	(1312, 19, 34.8306485, 32.0792736, 0, '82.81.247.185', 1, '2018-10-22 03:39:34'),
	(1313, 19, 34.8458296, 32.0807464, 0, '82.81.247.185', 31, '2018-10-22 03:39:45'),
	(1314, 19, 34.8306485, 32.0792736, 0, '82.81.247.185', 1, '2018-10-22 03:40:34'),
	(1315, 19, 34.8458296, 32.0807464, 0, '82.81.247.185', 31, '2018-10-22 03:40:45'),
	(1316, 19, 34.8458699, 32.0807465, 62.79999923706055, '82.81.247.185', 31, '2018-10-22 03:41:17'),
	(1317, 19, 34.8306485, 32.0792736, 0, '82.81.247.185', 1, '2018-10-22 03:41:34'),
	(1318, 19, 34.8458296, 32.0807464, 0, '82.81.247.185', 31, '2018-10-22 03:41:45'),
	(1319, 19, 34.8458733, 32.0807492, 62.79999923706055, '82.81.247.185', 31, '2018-10-22 03:42:17'),
	(1320, 19, 34.8306485, 32.0792736, 0, '82.81.247.185', 1, '2018-10-22 03:42:34'),
	(1321, 19, 34.8458296, 32.0807464, 0, '82.81.247.185', 31, '2018-10-22 03:42:45'),
	(1322, 19, 34.8458296, 32.0807464, 0, '82.81.247.185', 31, '2018-10-22 03:43:45'),
	(1323, 19, 34.8458296, 32.0807464, 0, '82.81.247.185', 31, '2018-10-22 03:44:45'),
	(1324, 19, 34.8458296, 32.0807464, 0, '82.81.247.185', 31, '2018-10-22 03:45:45'),
	(1325, 19, 34.8458296, 32.0807464, 0, '82.81.247.185', 31, '2018-10-22 03:46:45'),
	(1326, 19, 34.8458296, 32.0807464, 0, '82.81.247.185', 31, '2018-10-22 03:47:45'),
	(1327, 19, 34.8458296, 32.0807464, 0, '82.81.247.185', 31, '2018-10-22 03:48:45'),
	(1328, 19, 34.8458296, 32.0807464, 0, '82.81.247.185', 31, '2018-10-22 03:49:45'),
	(1329, 19, 34.8458296, 32.0807464, 0, '82.81.247.185', 31, '2018-10-22 03:50:45'),
	(1330, 22, 34.8455891, 32.0808896, 31.768787384033203, '82.81.247.185', 1, '2018-10-22 03:51:21'),
	(1331, 19, 34.8458296, 32.0807464, 0, '82.81.247.185', 31, '2018-10-22 03:53:34'),
	(1332, 19, 34.8458296, 32.0807464, 0, '82.81.247.185', 31, '2018-10-22 03:53:34'),
	(1333, 19, 34.8458296, 32.0807464, 0, '82.81.247.185', 31, '2018-10-22 03:53:45'),
	(1334, 19, 34.8458296, 32.0807464, 0, '82.81.247.185', 31, '2018-10-22 03:54:45'),
	(1335, 19, 34.8458296, 32.0807464, 0, '82.81.247.185', 31, '2018-10-22 03:55:45'),
	(1336, 22, 34.8457199, 32.0808222, 33.09406280517578, '82.81.247.185', 1, '2018-10-22 03:56:40'),
	(1337, 19, 34.8458296, 32.0807464, 0, '82.81.247.185', 31, '2018-10-22 03:56:45'),
	(1338, 22, 34.8457306, 32.0808218, 33.007568359375, '82.81.247.185', 1, '2018-10-22 03:57:28'),
	(1339, 22, 34.8456767, 32.0808183, 32.86832046508789, '82.81.247.185', 1, '2018-10-22 03:58:28'),
	(1340, 22, 34.8457242, 32.0808202, 32.921966552734375, '82.81.247.185', 1, '2018-10-22 03:59:28'),
	(1341, 19, 34.8458296, 32.0807464, 0, '82.81.247.185', 31, '2018-10-22 04:00:21'),
	(1342, 19, 34.8458296, 32.0807464, 0, '82.81.247.185', 31, '2018-10-22 04:00:21'),
	(1343, 19, 34.8458296, 32.0807464, 0, '82.81.247.185', 31, '2018-10-22 04:00:21'),
	(1344, 22, 34.8458314, 32.0807277, 33.75173568725586, '82.81.247.185', 31, '2018-10-22 04:00:28'),
	(1345, 19, 34.8458296, 32.0807464, 0, '82.81.247.185', 31, '2018-10-22 04:00:45'),
	(1346, 22, 34.8458314, 32.0807277, 33.75173568725586, '82.81.247.185', 31, '2018-10-22 04:01:28'),
	(1347, 22, 34.8458314, 32.0807277, 33.75173568725586, '82.81.247.185', 31, '2018-10-22 04:02:28'),
	(1348, 22, 34.8457692, 32.0807547, 33.620208740234375, '82.81.247.185', 31, '2018-10-22 04:03:28'),
	(1349, 22, 34.8456191, 32.0808649, 32.969303131103516, '82.81.247.185', 1, '2018-10-22 04:04:28'),
	(1350, 19, 34.8458296, 32.0807464, 0, '82.81.247.185', 31, '2018-10-22 04:05:39'),
	(1351, 19, 34.8458296, 32.0807464, 0, '82.81.247.185', 31, '2018-10-22 04:05:39'),
	(1352, 19, 34.8458296, 32.0807464, 0, '82.81.247.185', 31, '2018-10-22 04:05:39'),
	(1353, 19, 34.8458296, 32.0807464, 0, '82.81.247.185', 31, '2018-10-22 04:05:39'),
	(1354, 19, 34.8458296, 32.0807464, 0, '82.81.247.185', 31, '2018-10-22 04:05:45'),
	(1355, 19, 34.8458296, 32.0807464, 0, '82.81.247.185', 31, '2018-10-22 04:06:45'),
	(1356, 19, 34.8458296, 32.0807464, 0, '82.81.247.185', 31, '2018-10-22 04:09:51'),
	(1357, 19, 34.8458296, 32.0807464, 0, '82.81.247.185', 31, '2018-10-22 04:09:51'),
	(1358, 19, 34.8458296, 32.0807464, 0, '82.81.247.185', 31, '2018-10-22 04:09:51'),
	(1359, 19, 34.8458296, 32.0807464, 0, '82.81.247.185', 31, '2018-10-22 04:11:38'),
	(1360, 19, 34.8458296, 32.0807464, 0, '82.81.247.185', 31, '2018-10-22 04:11:45'),
	(1361, 19, 34.8458296, 32.0807464, 0, '82.81.247.185', 31, '2018-10-22 04:12:45'),
	(1362, 19, 34.8458296, 32.0807464, 0, '82.81.247.185', 31, '2018-10-22 04:15:38'),
	(1363, 19, 34.8458296, 32.0807464, 0, '82.81.247.185', 31, '2018-10-22 04:15:38'),
	(1364, 19, 34.8458296, 32.0807464, 0, '82.81.247.185', 31, '2018-10-22 04:15:45'),
	(1365, 19, 34.8458296, 32.0807464, 0, '82.81.247.185', 31, '2018-10-22 04:16:46'),
	(1366, 19, 34.8458296, 32.0807464, 0, '82.81.247.185', 31, '2018-10-22 04:18:43'),
	(1367, 19, 34.8458296, 32.0807464, 0, '82.81.247.185', 31, '2018-10-22 04:18:45'),
	(1368, 19, 34.8458296, 32.0807464, 0, '82.81.247.185', 31, '2018-10-22 04:21:03'),
	(1369, 19, 34.8458296, 32.0807464, 0, '82.81.247.185', 31, '2018-10-22 04:21:03'),
	(1370, 22, 34.8457349, 32.0808328, 32.707472370928066, '82.81.247.185', 1, '2018-10-22 04:21:21'),
	(1371, 19, 34.8458296, 32.0807464, 0, '82.81.247.185', 31, '2018-10-22 04:21:45'),
	(1372, 19, 34.8458296, 32.0807464, 0, '82.81.247.185', 31, '2018-10-22 04:22:45'),
	(1373, 19, 34.8458296, 32.0807464, 0, '82.81.247.185', 31, '2018-10-22 04:23:45'),
	(1374, 19, 34.8458296, 32.0807464, 0, '82.81.247.185', 31, '2018-10-22 04:24:45'),
	(1375, 19, 34.8458296, 32.0807464, 0, '82.81.247.185', 31, '2018-10-22 04:25:45'),
	(1376, 19, 34.8458296, 32.0807464, 0, '82.81.247.185', 31, '2018-10-22 04:26:45'),
	(1377, 19, 34.8458296, 32.0807464, 0, '82.81.247.185', 31, '2018-10-22 04:33:06'),
	(1378, 19, 34.8458296, 32.0807464, 0, '82.81.247.185', 31, '2018-10-22 04:33:06'),
	(1379, 19, 34.8458296, 32.0807464, 0, '82.81.247.185', 31, '2018-10-22 04:33:06'),
	(1380, 19, 34.8458296, 32.0807464, 0, '82.81.247.185', 31, '2018-10-22 04:33:06'),
	(1381, 19, 34.8458296, 32.0807464, 0, '82.81.247.185', 31, '2018-10-22 04:33:06'),
	(1382, 19, 34.8458296, 32.0807464, 0, '82.81.247.185', 31, '2018-10-22 04:33:06'),
	(1383, 19, 34.8458296, 32.0807464, 0, '82.81.247.185', 31, '2018-10-22 04:33:45'),
	(1384, 19, 34.8458296, 32.0807464, 0, '82.81.247.185', 31, '2018-10-22 04:34:45'),
	(1385, 19, 34.8458296, 32.0807464, 0, '82.81.247.185', 31, '2018-10-22 04:35:46'),
	(1386, 19, 34.8458296, 32.0807464, 0, '82.81.247.185', 31, '2018-10-22 04:36:45'),
	(1387, 19, 34.8458296, 32.0807464, 0, '82.81.247.185', 31, '2018-10-22 04:37:45'),
	(1388, 19, 34.8458296, 32.0807464, 0, '82.81.247.185', 31, '2018-10-22 04:38:45'),
	(1389, 19, 34.8458296, 32.0807464, 0, '82.81.247.185', 31, '2018-10-22 04:39:45'),
	(1390, 19, 34.8458296, 32.0807464, 0, '82.81.247.185', 31, '2018-10-22 04:40:45'),
	(1391, 19, 34.8458296, 32.0807464, 0, '82.81.247.185', 31, '2018-10-22 04:44:16'),
	(1392, 19, 34.8458296, 32.0807464, 0, '82.81.247.185', 31, '2018-10-22 04:44:16'),
	(1393, 19, 34.8458296, 32.0807464, 0, '82.81.247.185', 31, '2018-10-22 04:44:16'),
	(1394, 19, 34.8458296, 32.0807464, 0, '82.81.247.185', 31, '2018-10-22 04:44:45'),
	(1395, 19, 34.8458296, 32.0807464, 0, '82.81.247.185', 31, '2018-10-22 04:45:45'),
	(1396, 19, 34.8458296, 32.0807464, 0, '82.81.247.185', 31, '2018-10-22 04:49:39'),
	(1397, 19, 34.8458296, 32.0807464, 0, '82.81.247.185', 31, '2018-10-22 04:49:39'),
	(1398, 19, 34.8458296, 32.0807464, 0, '82.81.247.185', 31, '2018-10-22 04:49:39'),
	(1399, 19, 34.8458296, 32.0807464, 0, '82.81.247.185', 31, '2018-10-22 04:49:45'),
	(1400, 19, 53.220982, 56.833672, 0, '81.4.205.112', 1, '2018-10-22 09:22:18'),
	(1401, 19, 53.2209774, 56.8336724, 0, '81.4.205.112', 1, '2018-10-22 09:23:18'),
	(1402, 19, 53.2209818, 56.8336751, 0, '81.4.205.112', 1, '2018-10-22 09:24:18'),
	(1403, 19, 53.2209852, 56.8336759, 0, '81.4.205.112', 1, '2018-10-22 09:25:18'),
	(1404, 19, 53.2210706, 56.8335976, 0, '81.4.205.112', 1, '2018-10-22 09:28:28'),
	(1405, 19, 53.2210724, 56.8336004, 0, '81.4.205.112', 1, '2018-10-22 09:29:10'),
	(1406, 19, 53.2210706, 56.8335976, 0, '81.4.205.112', 1, '2018-10-22 09:30:10'),
	(1407, 19, 53.2210696, 56.8335784, 0, '81.4.205.112', 1, '2018-10-22 09:31:10'),
	(1408, 19, 53.2210706, 56.8335976, 0, '81.4.205.112', 1, '2018-10-22 09:32:10'),
	(1409, 19, 53.2210678, 56.8335796, 0, '81.4.205.112', 1, '2018-10-22 09:33:10'),
	(1410, 19, 53.2210805, 56.8335866, 0, '81.4.205.112', 1, '2018-10-22 09:34:10'),
	(1411, 19, 53.2210801, 56.8335792, 0, '81.4.205.112', 1, '2018-10-22 09:35:10'),
	(1412, 19, 53.2210678, 56.8335796, 0, '81.4.205.112', 1, '2018-10-22 09:36:10'),
	(1413, 19, 53.2210556, 56.8336289, 0, '81.4.205.112', 1, '2018-10-22 09:37:10'),
	(1414, 19, 53.2210616, 56.8336133, 0, '81.4.205.112', 1, '2018-10-22 09:38:10'),
	(1415, 19, 53.2210592, 56.8336154, 0, '81.4.205.112', 1, '2018-10-22 09:39:10'),
	(1416, 19, 53.2210616, 56.8336133, 0, '81.4.205.112', 1, '2018-10-22 09:40:10'),
	(1417, 19, 53.2210556, 56.8336289, 0, '81.4.205.112', 1, '2018-10-22 09:41:10'),
	(1418, 19, 53.2210592, 56.8336154, 0, '81.4.205.112', 1, '2018-10-22 09:42:10'),
	(1419, 19, 34.8458409, 32.0807551, 0, '82.81.247.185', 31, '2018-10-23 03:23:04'),
	(1420, 19, 34.8458409, 32.0807551, 0, '82.81.247.185', 31, '2018-10-23 03:24:30'),
	(1421, 19, 34.8458409, 32.0807551, 0, '82.81.247.185', 31, '2018-10-23 03:25:04'),
	(1422, 19, 34.8458409, 32.0807551, 0, '82.81.247.185', 31, '2018-10-23 03:26:04'),
	(1423, 19, 34.8458409, 32.0807551, 0, '82.81.247.185', 31, '2018-10-23 03:27:04'),
	(1424, 22, 34.8456155, 32.0808645, 31.860759735107422, '82.81.247.185', 31, '2018-10-23 03:27:15'),
	(1425, 23, 34.8458637, 32.0807351, 66.0999984741211, '82.81.247.185', 31, '2018-10-23 03:28:25'),
	(1426, 23, 34.8458789, 32.0807309, 66.0999984741211, '82.81.247.185', 31, '2018-10-23 03:28:41'),
	(1427, 23, 34.8458638, 32.0807355, 66.0999984741211, '82.81.247.185', 31, '2018-10-23 03:29:33'),
	(1428, 19, 34.8458409, 32.0807551, 0, '82.81.247.185', 31, '2018-10-23 03:29:55'),
	(1429, 19, 34.8458409, 32.0807551, 0, '82.81.247.185', 31, '2018-10-23 03:29:55'),
	(1430, 23, 34.8541712, 32.0823211, 0, '82.81.247.185', 31, '2018-10-23 03:30:04'),
	(1431, 19, 34.8458409, 32.0807551, 0, '82.81.247.185', 31, '2018-10-23 03:30:04'),
	(1432, 23, 34.8458631, 32.0807351, 66.0999984741211, '82.81.247.185', 31, '2018-10-23 03:30:33'),
	(1433, 19, 34.8458409, 32.0807551, 0, '82.81.247.185', 31, '2018-10-23 03:31:24'),
	(1434, 23, 34.8458631, 32.0807351, 66.0999984741211, '82.81.247.185', 31, '2018-10-23 03:31:33'),
	(1435, 22, 34.8456316, 32.0808372, 32.054771423339844, '82.81.247.185', 31, '2018-10-23 03:31:50'),
	(1436, 19, 34.8458409, 32.0807551, 0, '82.81.247.185', 31, '2018-10-23 03:32:04'),
	(1437, 19, 34.8458409, 32.0807551, 0, '82.81.247.185', 31, '2018-10-23 03:37:17'),
	(1438, 19, 34.8458409, 32.0807551, 0, '82.81.247.185', 31, '2018-10-23 03:37:17'),
	(1439, 19, 34.8458409, 32.0807551, 0, '82.81.247.185', 31, '2018-10-23 03:37:17'),
	(1440, 19, 34.8458409, 32.0807551, 0, '82.81.247.185', 31, '2018-10-23 03:37:17'),
	(1441, 19, 34.8458409, 32.0807551, 0, '82.81.247.185', 31, '2018-10-23 03:37:17'),
	(1442, 22, 34.8455538, 32.0808854, 31.680448532104492, '82.81.247.185', 31, '2018-10-23 03:37:34'),
	(1443, 23, 34.8541712, 32.0823211, 0, '82.81.247.185', 31, '2018-10-23 03:40:53'),
	(1444, 23, 34.8541712, 32.0823211, 0, '82.81.247.185', 31, '2018-10-23 03:40:53'),
	(1445, 23, 34.8541712, 32.0823211, 0, '82.81.247.185', 31, '2018-10-23 03:40:53'),
	(1446, 23, 34.8541712, 32.0823211, 0, '82.81.247.185', 31, '2018-10-23 03:40:53'),
	(1447, 23, 34.8541712, 32.0823211, 0, '82.81.247.185', 31, '2018-10-23 03:40:53'),
	(1448, 23, 34.8541712, 32.0823211, 0, '82.81.247.185', 31, '2018-10-23 03:40:53'),
	(1449, 23, 34.8541712, 32.0823211, 0, '82.81.247.185', 31, '2018-10-23 03:40:53'),
	(1450, 23, 34.8541712, 32.0823211, 0, '82.81.247.185', 31, '2018-10-23 03:40:53'),
	(1451, 23, 34.8541712, 32.0823211, 0, '82.81.247.185', 31, '2018-10-23 03:40:53'),
	(1452, 23, 34.8541712, 32.0823211, 0, '82.81.247.185', 31, '2018-10-23 03:40:53'),
	(1453, 23, 34.8541712, 32.0823211, 0, '82.81.247.185', 31, '2018-10-23 03:40:53'),
	(1454, 23, 34.8458788, 32.0807309, 66.0999984741211, '82.81.247.185', 31, '2018-10-23 03:40:59'),
	(1455, 19, 34.8458409, 32.0807551, 0, '82.81.247.185', 31, '2018-10-23 03:41:06'),
	(1456, 19, 34.8458409, 32.0807551, 0, '82.81.247.185', 31, '2018-10-23 03:41:06'),
	(1457, 19, 34.8458409, 32.0807551, 0, '82.81.247.185', 31, '2018-10-23 03:41:06'),
	(1458, 19, 34.8458409, 32.0807551, 0, '82.81.247.185', 31, '2018-10-23 03:41:06'),
	(1459, 23, 34.8458787, 32.0807309, 66.0999984741211, '82.81.247.185', 31, '2018-10-23 03:41:26'),
	(1460, 19, 34.8458409, 32.0807551, 0, '82.81.247.185', 31, '2018-10-23 03:57:30'),
	(1461, 19, 34.8458409, 32.0807551, 0, '82.81.247.185', 31, '2018-10-23 03:57:30'),
	(1462, 19, 34.8458409, 32.0807551, 0, '82.81.247.185', 31, '2018-10-23 03:57:30'),
	(1463, 19, 34.8458409, 32.0807551, 0, '82.81.247.185', 31, '2018-10-23 03:57:30'),
	(1464, 19, 34.8458409, 32.0807551, 0, '82.81.247.185', 31, '2018-10-23 03:57:30'),
	(1465, 19, 34.8458409, 32.0807551, 0, '82.81.247.185', 31, '2018-10-23 03:57:30'),
	(1466, 19, 34.8458409, 32.0807551, 0, '82.81.247.185', 31, '2018-10-23 03:57:30'),
	(1467, 19, 34.8458409, 32.0807551, 0, '82.81.247.185', 31, '2018-10-23 03:57:30'),
	(1468, 19, 34.8458409, 32.0807551, 0, '82.81.247.185', 31, '2018-10-23 03:57:30'),
	(1469, 19, 34.8458409, 32.0807551, 0, '82.81.247.185', 31, '2018-10-23 03:57:30'),
	(1470, 19, 34.8458409, 32.0807551, 0, '82.81.247.185', 31, '2018-10-23 03:57:30'),
	(1471, 19, 34.8458409, 32.0807551, 0, '82.81.247.185', 31, '2018-10-23 03:57:30'),
	(1472, 19, 34.8458409, 32.0807551, 0, '82.81.247.185', 31, '2018-10-23 03:57:30'),
	(1473, 19, 34.8458409, 32.0807551, 0, '82.81.247.185', 31, '2018-10-23 03:57:30'),
	(1474, 19, 34.8458409, 32.0807551, 0, '82.81.247.185', 31, '2018-10-23 03:57:30'),
	(1475, 19, 34.8458409, 32.0807551, 0, '82.81.247.185', 31, '2018-10-23 03:57:30'),
	(1476, 19, 34.8458409, 32.0807551, 0, '82.81.247.185', 31, '2018-10-23 03:58:04'),
	(1477, 19, 34.8458409, 32.0807551, 0, '82.81.247.185', 31, '2018-10-23 03:59:04'),
	(1478, 19, 34.8458409, 32.0807551, 0, '82.81.247.185', 31, '2018-10-23 04:00:04'),
	(1479, 19, 34.8458409, 32.0807551, 0, '82.81.247.185', 31, '2018-10-23 04:01:04'),
	(1480, 19, 34.8458409, 32.0807551, 0, '82.81.247.185', 31, '2018-10-23 04:02:04'),
	(1481, 22, 34.8455837, 32.0808882, 31.480369567871094, '82.81.247.185', 1, '2018-10-23 04:03:01'),
	(1482, 19, 34.8458409, 32.0807551, 0, '82.81.247.185', 31, '2018-10-23 04:03:06'),
	(1483, 23, 34.8458808, 32.0807317, 66.0999984741211, '82.81.247.185', 1, '2018-10-23 04:03:15'),
	(1484, 19, 34.8458409, 32.0807551, 0, '82.81.247.185', 31, '2018-10-23 04:04:04'),
	(1485, 23, 34.8458815, 32.080732, 66.0999984741211, '82.81.247.185', 31, '2018-10-23 04:04:12'),
	(1486, 19, 34.8458409, 32.0807551, 0, '82.81.247.185', 31, '2018-10-23 04:05:04'),
	(1487, 23, 34.8458806, 32.0807316, 66.0999984741211, '82.81.247.185', 31, '2018-10-23 04:05:07'),
	(1488, 19, 34.8458409, 32.0807551, 0, '82.81.247.185', 31, '2018-10-23 04:06:04'),
	(1489, 23, 34.8458352, 32.0807232, 0, '82.81.247.185', 31, '2018-10-23 04:06:15'),
	(1490, 19, 34.8458409, 32.0807551, 0, '82.81.247.185', 31, '2018-10-23 04:07:04'),
	(1491, 23, 34.8458496, 32.0807216, 0, '82.81.247.185', 31, '2018-10-23 04:07:05'),
	(1492, 22, 34.8455899, 32.080886, 31.491416931152344, '82.81.247.185', 1, '2018-10-23 04:07:20'),
	(1493, 19, 34.8458409, 32.0807551, 0, '82.81.247.185', 31, '2018-10-23 04:08:04'),
	(1494, 23, 34.8458588, 32.0807302, 0, '82.81.247.185', 31, '2018-10-23 04:08:16'),
	(1495, 19, 34.8458409, 32.0807551, 0, '82.81.247.185', 31, '2018-10-23 04:09:04'),
	(1496, 23, 34.8458485, 32.0807199, 66.0999984741211, '82.81.247.185', 31, '2018-10-23 04:09:16'),
	(1497, 19, 34.8458409, 32.0807551, 0, '82.81.247.185', 31, '2018-10-23 04:10:04'),
	(1498, 23, 34.8458644, 32.0807353, 66.0999984741211, '82.81.247.185', 31, '2018-10-23 04:10:16'),
	(1499, 22, 34.8457326, 32.0807963, 32.65499496459961, '82.81.247.185', 31, '2018-10-23 04:10:24'),
	(1500, 23, 34.8457966, 32.0807011, 66.0999984741211, '82.81.247.185', 31, '2018-10-23 04:11:05'),
	(1501, 23, 34.8458045, 32.0807078, 66.0999984741211, '82.81.247.185', 31, '2018-10-23 04:12:12'),
	(1502, 22, 34.8456171, 32.0808642, 31.972957611083984, '82.81.247.185', 1, '2018-10-23 04:12:22'),
	(1503, 23, 34.845791, 32.0807009, 66.0999984741211, '82.81.247.185', 31, '2018-10-23 04:13:07'),
	(1504, 22, 34.845623, 32.0808622, 32.012847900390625, '82.81.247.185', 1, '2018-10-23 04:13:21'),
	(1505, 23, 34.8458055, 32.0807068, 66.0999984741211, '82.81.247.185', 31, '2018-10-23 04:14:07'),
	(1506, 22, 34.8456166, 32.0808478, 31.963266372680664, '82.81.247.185', 1, '2018-10-23 04:14:21'),
	(1507, 23, 34.8458049, 32.0807074, 66.0999984741211, '82.81.247.185', 31, '2018-10-23 04:15:07'),
	(1508, 22, 34.8455739, 32.0808668, 31.72495460510254, '82.81.247.185', 1, '2018-10-23 04:15:21'),
	(1509, 23, 34.845871, 32.0807292, 0, '82.81.247.185', 31, '2018-10-23 04:16:15'),
	(1510, 22, 34.8456091, 32.0808645, 31.76177406311035, '82.81.247.185', 1, '2018-10-23 04:16:22'),
	(1511, 23, 34.845871, 32.0807292, 0, '82.81.247.185', 31, '2018-10-23 04:17:05'),
	(1512, 23, 34.8458717, 32.08073, 0, '82.81.247.185', 31, '2018-10-23 04:22:09'),
	(1513, 23, 34.8458717, 32.08073, 0, '82.81.247.185', 31, '2018-10-23 04:22:09'),
	(1514, 23, 34.8458496, 32.080721, 0, '82.81.247.185', 31, '2018-10-23 04:25:54'),
	(1515, 23, 34.8458496, 32.080721, 0, '82.81.247.185', 31, '2018-10-23 04:25:54'),
	(1516, 23, 34.845851, 32.080722, 0, '82.81.247.185', 31, '2018-10-23 04:26:32'),
	(1517, 22, 34.8455818, 32.0808802, 31.81833839416504, '82.81.247.185', 1, '2018-10-23 04:27:42'),
	(1518, 22, 34.8455818, 32.0808802, 31.81833839416504, '82.81.247.185', 1, '2018-10-23 04:28:52'),
	(1519, 22, 34.8456318, 32.0808168, 32.210296630859375, '82.81.247.185', 1, '2018-10-23 04:29:50'),
	(1520, 22, 34.845577, 32.0808445, 31.91160011291504, '82.81.247.185', 1, '2018-10-23 04:30:50'),
	(1521, 22, 34.8456731, 32.080823, 32.33021926879883, '82.81.247.185', 31, '2018-10-23 04:31:49'),
	(1522, 22, 34.8455764, 32.0808776, 32.044227600097656, '82.81.247.185', 31, '2018-10-23 04:32:50'),
	(1523, 22, 34.8455546, 32.0808934, 31.83088493347168, '82.81.247.185', 1, '2018-10-23 04:33:50'),
	(1524, 22, 34.8455447, 32.0808874, 31.78113555908203, '82.81.247.185', 1, '2018-10-23 04:34:50'),
	(1525, 23, 34.8458565, 32.0807275, 0, '2.53.57.76', 31, '2018-10-23 04:35:10'),
	(1526, 23, 34.8458565, 32.0807275, 0, '2.53.57.76', 31, '2018-10-23 04:35:21'),
	(1527, 22, 34.8456526, 32.0808563, 31.89828872680664, '82.81.247.185', 1, '2018-10-23 04:35:50'),
	(1528, 19, 34.8458409, 32.0807551, 0, '82.81.247.185', 31, '2018-10-23 04:36:42'),
	(1529, 19, 34.8458409, 32.0807551, 0, '82.81.247.185', 31, '2018-10-23 04:36:42'),
	(1530, 19, 34.8458409, 32.0807551, 0, '82.81.247.185', 31, '2018-10-23 04:36:42'),
	(1531, 19, 34.8458409, 32.0807551, 0, '82.81.247.185', 31, '2018-10-23 04:36:42'),
	(1532, 19, 34.8458409, 32.0807551, 0, '82.81.247.185', 31, '2018-10-23 04:36:42'),
	(1533, 19, 34.8458409, 32.0807551, 0, '82.81.247.185', 31, '2018-10-23 04:36:42'),
	(1534, 19, 34.8458409, 32.0807551, 0, '82.81.247.185', 31, '2018-10-23 04:36:42'),
	(1535, 19, 34.8458409, 32.0807551, 0, '82.81.247.185', 31, '2018-10-23 04:36:42'),
	(1536, 19, 34.8458409, 32.0807551, 0, '82.81.247.185', 31, '2018-10-23 04:36:42'),
	(1537, 19, 34.8458409, 32.0807551, 0, '82.81.247.185', 31, '2018-10-23 04:36:42'),
	(1538, 19, 34.8458409, 32.0807551, 0, '82.81.247.185', 31, '2018-10-23 04:36:42'),
	(1539, 19, 34.8458409, 32.0807551, 0, '82.81.247.185', 31, '2018-10-23 04:36:42'),
	(1540, 19, 34.8458409, 32.0807551, 0, '82.81.247.185', 31, '2018-10-23 04:36:42'),
	(1541, 19, 34.8458409, 32.0807551, 0, '82.81.247.185', 31, '2018-10-23 04:36:42'),
	(1542, 19, 34.8458409, 32.0807551, 0, '82.81.247.185', 31, '2018-10-23 04:36:42'),
	(1543, 19, 34.8458409, 32.0807551, 0, '82.81.247.185', 31, '2018-10-23 04:36:42'),
	(1544, 19, 34.8458409, 32.0807551, 0, '82.81.247.185', 31, '2018-10-23 04:36:42'),
	(1545, 19, 34.8458409, 32.0807551, 0, '82.81.247.185', 31, '2018-10-23 04:36:42'),
	(1546, 19, 34.8458409, 32.0807551, 0, '82.81.247.185', 31, '2018-10-23 04:36:42'),
	(1547, 19, 34.8458409, 32.0807551, 0, '82.81.247.185', 31, '2018-10-23 04:36:43'),
	(1548, 19, 34.8458409, 32.0807551, 0, '82.81.247.185', 31, '2018-10-23 04:36:43'),
	(1549, 19, 34.8458409, 32.0807551, 0, '82.81.247.185', 31, '2018-10-23 04:36:43'),
	(1550, 19, 34.8458409, 32.0807551, 0, '82.81.247.185', 31, '2018-10-23 04:36:43'),
	(1551, 19, 34.8458409, 32.0807551, 0, '82.81.247.185', 31, '2018-10-23 04:36:43'),
	(1552, 19, 34.8458409, 32.0807551, 0, '82.81.247.185', 31, '2018-10-23 04:36:43'),
	(1553, 19, 34.8458409, 32.0807551, 0, '82.81.247.185', 31, '2018-10-23 04:36:43'),
	(1554, 19, 34.8458409, 32.0807551, 0, '82.81.247.185', 31, '2018-10-23 04:37:04'),
	(1555, 19, 34.8458255, 32.0807611, 0, '2.53.185.33', 31, '2018-10-23 04:38:06'),
	(1556, 19, 34.8458255, 32.0807611, 0, '2.53.185.33', 31, '2018-10-23 04:39:07'),
	(1557, 19, 34.8458255, 32.0807611, 0, '2.53.185.33', 31, '2018-10-23 04:49:49'),
	(1558, 19, 34.8458255, 32.0807611, 0, '2.53.185.33', 31, '2018-10-23 04:49:49'),
	(1559, 19, 34.8458255, 32.0807611, 0, '2.53.185.33', 31, '2018-10-23 04:49:49'),
	(1560, 19, 34.8458255, 32.0807611, 0, '2.53.185.33', 31, '2018-10-23 04:49:49'),
	(1561, 19, 34.8458255, 32.0807611, 0, '2.53.185.33', 31, '2018-10-23 04:49:49'),
	(1562, 19, 34.8458255, 32.0807611, 0, '2.53.185.33', 31, '2018-10-23 04:49:49'),
	(1563, 19, 34.8458255, 32.0807611, 0, '2.53.185.33', 31, '2018-10-23 04:49:49'),
	(1564, 19, 34.8458255, 32.0807611, 0, '2.53.185.33', 31, '2018-10-23 04:49:49'),
	(1565, 19, 34.8458255, 32.0807611, 0, '2.53.185.33', 31, '2018-10-23 04:49:49'),
	(1566, 19, 34.8458255, 32.0807611, 0, '2.53.185.33', 31, '2018-10-23 04:49:49'),
	(1567, 19, 34.8458255, 32.0807611, 0, '2.53.185.33', 31, '2018-10-23 04:50:05'),
	(1568, 19, 34.8458363, 32.0807627, 0, '82.81.247.185', 31, '2018-10-23 04:51:19'),
	(1569, 22, 34.8456877, 32.0808178, 31.62527084350586, '82.81.247.185', 1, '2018-10-23 04:52:22'),
	(1570, 23, 34.8458512, 32.0807104, 66.0999984741211, '82.81.247.185', 31, '2018-10-23 04:59:50'),
	(1571, 23, 34.8458512, 32.0807104, 66.0999984741211, '82.81.247.185', 31, '2018-10-23 04:59:50'),
	(1572, 23, 34.8458512, 32.0807104, 66.0999984741211, '82.81.247.185', 31, '2018-10-23 04:59:50'),
	(1573, 23, 34.8458399, 32.0807295, 66.0999984741211, '82.81.247.185', 31, '2018-10-23 05:00:35'),
	(1574, 23, 34.8457675, 32.0805801, 68.12202851554018, '2.53.57.76', 32, '2018-10-23 05:01:59'),
	(1575, 23, 34.8457811, 32.0805969, 68.76726318389413, '2.53.57.76', 32, '2018-10-23 05:02:21'),
	(1576, 23, 34.8457132, 32.0805523, 67.290616358141, '2.53.57.76', 32, '2018-10-23 05:03:27'),
	(1577, 23, 34.8446529, 32.0807187, 0, '82.81.247.185', 1, '2018-10-23 05:05:27'),
	(1578, 23, 34.8458303, 32.0807204, 0, '82.81.247.185', 31, '2018-10-23 05:06:25'),
	(1579, 19, 34.8458363, 32.0807627, 0, '82.81.247.185', 31, '2018-10-23 05:06:51'),
	(1580, 19, 34.8458363, 32.0807627, 0, '82.81.247.185', 31, '2018-10-23 05:06:51'),
	(1581, 19, 34.8458363, 32.0807627, 0, '82.81.247.185', 31, '2018-10-23 05:06:51'),
	(1582, 19, 34.8458363, 32.0807627, 0, '82.81.247.185', 31, '2018-10-23 05:06:51'),
	(1583, 19, 34.8458363, 32.0807627, 0, '82.81.247.185', 31, '2018-10-23 05:06:52'),
	(1584, 19, 34.8458363, 32.0807627, 0, '82.81.247.185', 31, '2018-10-23 05:06:52'),
	(1585, 19, 34.8458363, 32.0807627, 0, '82.81.247.185', 31, '2018-10-23 05:06:52'),
	(1586, 19, 34.8458363, 32.0807627, 0, '82.81.247.185', 31, '2018-10-23 05:06:52'),
	(1587, 19, 34.8458363, 32.0807627, 0, '82.81.247.185', 31, '2018-10-23 05:06:52'),
	(1588, 19, 34.8458363, 32.0807627, 0, '82.81.247.185', 31, '2018-10-23 05:06:52'),
	(1589, 19, 34.8458363, 32.0807627, 0, '82.81.247.185', 31, '2018-10-23 05:06:52'),
	(1590, 19, 34.8458363, 32.0807627, 0, '82.81.247.185', 31, '2018-10-23 05:06:52'),
	(1591, 19, 34.8458363, 32.0807627, 0, '82.81.247.185', 31, '2018-10-23 05:06:52'),
	(1592, 19, 34.8458363, 32.0807627, 0, '82.81.247.185', 31, '2018-10-23 05:06:52'),
	(1593, 19, 34.8458363, 32.0807627, 0, '82.81.247.185', 31, '2018-10-23 05:06:52'),
	(1594, 19, 34.8458363, 32.0807627, 0, '82.81.247.185', 31, '2018-10-23 05:07:54'),
	(1595, 23, 34.8458654, 32.0807015, 66.0999984741211, '82.81.247.185', 31, '2018-10-23 05:07:55'),
	(1596, 19, 34.8458713, 32.0807177, 66.0999984741211, '82.81.247.185', 31, '2018-10-23 05:08:32'),
	(1597, 19, 34.8458363, 32.0807627, 0, '82.81.247.185', 31, '2018-10-23 05:08:54'),
	(1598, 19, 34.8458363, 32.0807627, 0, '82.81.247.185', 31, '2018-10-23 05:09:54'),
	(1599, 19, 34.8458363, 32.0807627, 0, '82.81.247.185', 31, '2018-10-23 05:10:54'),
	(1600, 19, 34.8458363, 32.0807627, 0, '82.81.247.185', 31, '2018-10-23 05:11:54'),
	(1601, 19, 34.8458363, 32.0807627, 0, '82.81.247.185', 31, '2018-10-23 05:12:54'),
	(1602, 19, 34.8458363, 32.0807627, 0, '82.81.247.185', 31, '2018-10-23 05:13:54'),
	(1603, 19, 34.8458363, 32.0807627, 0, '82.81.247.185', 31, '2018-10-23 05:14:54'),
	(1604, 19, 34.8458363, 32.0807627, 0, '82.81.247.185', 31, '2018-10-23 05:15:54'),
	(1605, 19, 34.8458363, 32.0807627, 0, '82.81.247.185', 31, '2018-10-23 05:16:54'),
	(1606, 19, 34.8458363, 32.0807627, 0, '82.81.247.185', 31, '2018-10-23 05:17:54'),
	(1607, 19, 34.8458363, 32.0807627, 0, '82.81.247.185', 31, '2018-10-23 05:18:54'),
	(1608, 19, 34.8454996, 32.0679434, 76.5999984741211, '2.53.57.76', 1, '2018-10-23 05:19:27'),
	(1609, 19, 34.8458363, 32.0807627, 0, '82.81.247.185', 31, '2018-10-23 05:19:54'),
	(1610, 19, 34.8458363, 32.0807627, 0, '82.81.247.185', 31, '2018-10-23 05:20:54'),
	(1611, 22, 34.8454087, 32.0679103, 44.596824645996094, '2.53.157.88', 1, '2018-10-23 05:21:05'),
	(1612, 19, 34.8458363, 32.0807627, 0, '82.81.247.185', 31, '2018-10-23 05:21:55'),
	(1613, 19, 34.8458363, 32.0807627, 0, '82.81.247.185', 31, '2018-10-23 05:22:54'),
	(1614, 19, 34.8458363, 32.0807627, 0, '82.81.247.185', 31, '2018-10-23 05:23:54'),
	(1615, 19, 34.8458363, 32.0807627, 0, '82.81.247.185', 31, '2018-10-23 05:24:54'),
	(1616, 19, 34.8458363, 32.0807627, 0, '82.81.247.185', 31, '2018-10-23 05:25:54'),
	(1617, 19, 34.8458363, 32.0807627, 0, '82.81.247.185', 31, '2018-10-23 05:26:54'),
	(1618, 19, 34.8458363, 32.0807627, 0, '82.81.247.185', 31, '2018-10-23 05:27:54'),
	(1619, 19, 34.8458363, 32.0807627, 0, '82.81.247.185', 31, '2018-10-23 05:28:54'),
	(1620, 19, 34.8458363, 32.0807627, 0, '82.81.247.185', 31, '2018-10-23 05:29:54'),
	(1621, 19, 34.8454394, 32.0679814, 76.4000015258789, '2.53.57.76', 1, '2018-10-23 05:29:58'),
	(1622, 19, 34.8458363, 32.0807627, 0, '82.81.247.185', 31, '2018-10-23 05:30:54'),
	(1623, 19, 34.8458363, 32.0807627, 0, '82.81.247.185', 31, '2018-10-23 05:31:54'),
	(1624, 19, 34.8458363, 32.0807627, 0, '82.81.247.185', 31, '2018-10-23 05:32:54'),
	(1625, 19, 34.8458363, 32.0807627, 0, '82.81.247.185', 31, '2018-10-23 05:33:54'),
	(1626, 19, 34.8458363, 32.0807627, 0, '82.81.247.185', 31, '2018-10-23 05:34:54'),
	(1627, 19, 34.8458363, 32.0807627, 0, '82.81.247.185', 31, '2018-10-23 05:35:54'),
	(1628, 19, 34.8458363, 32.0807627, 0, '82.81.247.185', 31, '2018-10-23 05:36:54'),
	(1629, 19, 34.8458363, 32.0807627, 0, '82.81.247.185', 31, '2018-10-23 05:37:54'),
	(1630, 19, 34.8458363, 32.0807627, 0, '82.81.247.185', 31, '2018-10-23 05:38:54'),
	(1631, 19, 34.8458363, 32.0807627, 0, '82.81.247.185', 31, '2018-10-23 05:39:54'),
	(1632, 19, 34.8458363, 32.0807627, 0, '82.81.247.185', 31, '2018-10-23 05:40:54'),
	(1633, 19, 34.8458363, 32.0807627, 0, '82.81.247.185', 31, '2018-10-23 05:41:54'),
	(1634, 19, 34.8458363, 32.0807627, 0, '82.81.247.185', 31, '2018-10-23 05:42:54'),
	(1635, 19, 34.8458363, 32.0807627, 0, '82.81.247.185', 31, '2018-10-23 05:43:54'),
	(1636, 19, 34.8458363, 32.0807627, 0, '82.81.247.185', 31, '2018-10-23 05:44:54'),
	(1637, 19, 34.8458363, 32.0807627, 0, '82.81.247.185', 31, '2018-10-23 05:45:54'),
	(1638, 19, 34.8458363, 32.0807627, 0, '82.81.247.185', 31, '2018-10-23 05:46:54'),
	(1639, 19, 34.8458363, 32.0807627, 0, '82.81.247.185', 31, '2018-10-23 05:47:54'),
	(1640, 19, 34.8458363, 32.0807627, 0, '82.81.247.185', 31, '2018-10-23 05:48:54'),
	(1641, 19, 34.8458363, 32.0807627, 0, '82.81.247.185', 31, '2018-10-23 05:49:54'),
	(1642, 19, 34.8458363, 32.0807627, 0, '82.81.247.185', 31, '2018-10-23 05:50:54'),
	(1643, 19, 34.8458363, 32.0807627, 0, '82.81.247.185', 31, '2018-10-23 05:51:54'),
	(1644, 19, 34.8458363, 32.0807627, 0, '82.81.247.185', 31, '2018-10-23 05:52:54'),
	(1645, 19, 34.8458363, 32.0807627, 0, '82.81.247.185', 31, '2018-10-23 05:53:54'),
	(1646, 19, 34.8458363, 32.0807627, 0, '82.81.247.185', 31, '2018-10-23 05:54:54'),
	(1647, 19, 34.8458363, 32.0807627, 0, '82.81.247.185', 31, '2018-10-23 05:55:54'),
	(1648, 19, 34.8458363, 32.0807627, 0, '82.81.247.185', 31, '2018-10-23 05:56:54'),
	(1649, 19, 34.8458363, 32.0807627, 0, '82.81.247.185', 31, '2018-10-23 05:57:54'),
	(1650, 19, 34.8458363, 32.0807627, 0, '82.81.247.185', 31, '2018-10-23 05:58:54'),
	(1651, 19, 34.8458363, 32.0807627, 0, '82.81.247.185', 31, '2018-10-23 05:59:54'),
	(1652, 19, 34.8458363, 32.0807627, 0, '82.81.247.185', 31, '2018-10-23 06:00:54'),
	(1653, 19, 34.8458363, 32.0807627, 0, '82.81.247.185', 31, '2018-10-23 06:01:54'),
	(1654, 19, 34.8458363, 32.0807627, 0, '82.81.247.185', 31, '2018-10-23 06:02:54'),
	(1655, 19, 34.8458363, 32.0807627, 0, '82.81.247.185', 31, '2018-10-23 06:03:54'),
	(1656, 19, 34.8458363, 32.0807627, 0, '82.81.247.185', 31, '2018-10-23 06:04:54'),
	(1657, 19, 34.8458363, 32.0807627, 0, '82.81.247.185', 31, '2018-10-23 06:05:54'),
	(1658, 19, 34.8458363, 32.0807627, 0, '82.81.247.185', 31, '2018-10-23 06:06:54'),
	(1659, 19, 34.8458363, 32.0807627, 0, '82.81.247.185', 31, '2018-10-23 06:07:54'),
	(1660, 19, 34.8458363, 32.0807627, 0, '82.81.247.185', 31, '2018-10-23 06:08:54'),
	(1661, 19, 34.8458363, 32.0807627, 0, '82.81.247.185', 31, '2018-10-23 06:09:54'),
	(1662, 19, 34.8458363, 32.0807627, 0, '82.81.247.185', 31, '2018-10-23 06:10:54'),
	(1663, 19, 34.8458363, 32.0807627, 0, '82.81.247.185', 31, '2018-10-23 06:11:54'),
	(1664, 19, 34.8458363, 32.0807627, 0, '82.81.247.185', 31, '2018-10-23 06:12:54'),
	(1665, 19, 34.8458363, 32.0807627, 0, '82.81.247.185', 31, '2018-10-23 06:13:54'),
	(1666, 19, 34.8458363, 32.0807627, 0, '82.81.247.185', 31, '2018-10-23 06:14:54'),
	(1667, 19, 34.8458363, 32.0807627, 0, '82.81.247.185', 31, '2018-10-23 06:15:54'),
	(1668, 19, 34.8458363, 32.0807627, 0, '82.81.247.185', 31, '2018-10-23 06:16:54'),
	(1669, 19, 34.8458363, 32.0807627, 0, '82.81.247.185', 31, '2018-10-23 06:17:54'),
	(1670, 19, 34.8458363, 32.0807627, 0, '82.81.247.185', 31, '2018-10-23 06:18:54'),
	(1671, 19, 34.8458363, 32.0807627, 0, '82.81.247.185', 31, '2018-10-23 06:19:54'),
	(1672, 19, 34.8458363, 32.0807627, 0, '82.81.247.185', 31, '2018-10-23 06:20:54'),
	(1673, 19, 34.8458363, 32.0807627, 0, '82.81.247.185', 31, '2018-10-23 06:21:54'),
	(1674, 19, 34.8458363, 32.0807627, 0, '82.81.247.185', 31, '2018-10-23 06:22:54'),
	(1675, 19, 34.8458363, 32.0807627, 0, '82.81.247.185', 31, '2018-10-23 06:23:54'),
	(1676, 19, 34.8458363, 32.0807627, 0, '82.81.247.185', 31, '2018-10-23 06:24:54'),
	(1677, 19, 34.8412901, 32.0670689, 107.5, '2.53.57.76', 1, '2018-10-23 06:25:18'),
	(1678, 22, 34.8413624, 32.0670069, 67.078369140625, '2.53.157.88', 1, '2018-10-23 06:25:50'),
	(1679, 19, 34.8458363, 32.0807627, 0, '82.81.247.185', 31, '2018-10-23 06:25:54'),
	(1680, 19, 34.84129, 32.0670681, 107.5, '2.53.57.76', 1, '2018-10-23 06:26:18'),
	(1681, 19, 34.8458363, 32.0807627, 0, '82.81.247.185', 31, '2018-10-23 06:26:54'),
	(1682, 19, 34.8413415, 32.0670394, 107.5, '2.53.57.76', 1, '2018-10-23 06:27:21'),
	(1683, 19, 34.8458363, 32.0807627, 0, '82.81.247.185', 31, '2018-10-23 06:27:54'),
	(1684, 19, 34.8413296, 32.0670485, 107.5, '2.53.57.76', 1, '2018-10-23 06:28:22'),
	(1685, 19, 34.8458363, 32.0807627, 0, '82.81.247.185', 31, '2018-10-23 06:28:54'),
	(1686, 19, 34.841341, 32.0670248, 107.5, '2.53.57.76', 1, '2018-10-23 06:29:21'),
	(1687, 19, 34.8458363, 32.0807627, 0, '82.81.247.185', 31, '2018-10-23 06:29:54'),
	(1688, 19, 34.8413447, 32.0670165, 107.5, '2.53.57.76', 1, '2018-10-23 06:30:22'),
	(1689, 19, 34.8458363, 32.0807627, 0, '82.81.247.185', 31, '2018-10-23 06:30:54'),
	(1690, 19, 34.8458363, 32.0807627, 0, '82.81.247.185', 31, '2018-10-23 06:31:54'),
	(1691, 19, 34.8414484, 32.0669431, 102.4000015258789, '2.53.57.76', 1, '2018-10-23 06:32:13'),
	(1692, 19, 34.8414485, 32.0669468, 102.4000015258789, '2.53.57.76', 1, '2018-10-23 06:32:22'),
	(1693, 19, 34.8458363, 32.0807627, 0, '82.81.247.185', 31, '2018-10-23 06:32:54'),
	(1694, 19, 34.8414101, 32.0670893, 0, '2.53.57.76', 1, '2018-10-23 06:33:18'),
	(1695, 19, 34.8458363, 32.0807627, 0, '82.81.247.185', 31, '2018-10-23 06:33:54'),
	(1696, 19, 34.8458363, 32.0807627, 0, '82.81.247.185', 31, '2018-10-23 06:34:54'),
	(1697, 19, 34.8458363, 32.0807627, 0, '82.81.247.185', 31, '2018-10-23 06:35:54'),
	(1698, 19, 34.8458363, 32.0807627, 0, '82.81.247.185', 31, '2018-10-23 06:36:54'),
	(1699, 19, 34.8458363, 32.0807627, 0, '82.81.247.185', 31, '2018-10-23 06:37:54'),
	(1700, 19, 34.8458363, 32.0807627, 0, '82.81.247.185', 31, '2018-10-23 06:38:54'),
	(1701, 19, 34.8458363, 32.0807627, 0, '82.81.247.185', 31, '2018-10-23 06:39:54'),
	(1702, 19, 34.8458363, 32.0807627, 0, '82.81.247.185', 31, '2018-10-23 06:40:54'),
	(1703, 19, 34.8458363, 32.0807627, 0, '82.81.247.185', 31, '2018-10-23 06:41:54'),
	(1704, 19, 34.8458363, 32.0807627, 0, '82.81.247.185', 31, '2018-10-23 06:42:54'),
	(1705, 19, 34.8458363, 32.0807627, 0, '82.81.247.185', 31, '2018-10-23 06:43:54'),
	(1706, 19, 34.8458363, 32.0807627, 0, '82.81.247.185', 31, '2018-10-23 06:44:54'),
	(1707, 19, 34.8458363, 32.0807627, 0, '82.81.247.185', 31, '2018-10-23 06:45:54'),
	(1708, 19, 34.8458363, 32.0807627, 0, '82.81.247.185', 31, '2018-10-23 06:46:54'),
	(1709, 19, 34.8458363, 32.0807627, 0, '82.81.247.185', 31, '2018-10-23 06:47:54'),
	(1710, 19, 34.8458363, 32.0807627, 0, '82.81.247.185', 31, '2018-10-23 06:48:54'),
	(1711, 19, 34.8458363, 32.0807627, 0, '82.81.247.185', 31, '2018-10-23 06:49:54'),
	(1712, 19, 34.8458363, 32.0807627, 0, '82.81.247.185', 31, '2018-10-23 06:50:54'),
	(1713, 19, 34.8458363, 32.0807627, 0, '82.81.247.185', 31, '2018-10-23 06:51:54'),
	(1714, 19, 34.8458363, 32.0807627, 0, '82.81.247.185', 31, '2018-10-23 06:52:54'),
	(1715, 19, 34.8458363, 32.0807627, 0, '82.81.247.185', 31, '2018-10-23 06:53:54'),
	(1716, 19, 34.8458363, 32.0807627, 0, '82.81.247.185', 31, '2018-10-23 06:54:54'),
	(1717, 19, 34.8458363, 32.0807627, 0, '82.81.247.185', 31, '2018-10-23 06:59:19'),
	(1718, 19, 34.8458363, 32.0807627, 0, '82.81.247.185', 31, '2018-10-23 07:00:19'),
	(1719, 19, 34.8458363, 32.0807627, 0, '82.81.247.185', 31, '2018-10-23 07:01:19'),
	(1720, 19, 34.8458363, 32.0807627, 0, '82.81.247.185', 31, '2018-10-23 07:02:19'),
	(1721, 19, 34.8458325, 32.0807579, 0, '82.81.247.185', 31, '2018-10-23 08:11:21'),
	(1722, 19, 34.8458325, 32.0807579, 0, '82.81.247.185', 31, '2018-10-23 08:12:21'),
	(1723, 19, 34.8458325, 32.0807579, 0, '82.81.247.185', 31, '2018-10-23 08:14:03'),
	(1724, 19, 34.8458325, 32.0807579, 0, '82.81.247.185', 31, '2018-10-23 08:25:01'),
	(1725, 19, 34.8458325, 32.0807579, 0, '82.81.247.185', 31, '2018-10-23 08:25:01'),
	(1726, 19, 34.8458325, 32.0807579, 0, '82.81.247.185', 31, '2018-10-23 08:25:01'),
	(1727, 19, 34.8458325, 32.0807579, 0, '82.81.247.185', 31, '2018-10-23 08:25:01'),
	(1728, 19, 34.8458325, 32.0807579, 0, '82.81.247.185', 31, '2018-10-23 08:25:01'),
	(1729, 19, 34.8458325, 32.0807579, 0, '82.81.247.185', 31, '2018-10-23 08:25:01'),
	(1730, 19, 34.8458325, 32.0807579, 0, '82.81.247.185', 31, '2018-10-23 08:25:01'),
	(1731, 19, 34.8458325, 32.0807579, 0, '82.81.247.185', 31, '2018-10-23 08:25:01'),
	(1732, 19, 34.8458325, 32.0807579, 0, '82.81.247.185', 31, '2018-10-23 08:25:01'),
	(1733, 19, 34.8458325, 32.0807579, 0, '82.81.247.185', 31, '2018-10-23 08:25:01'),
	(1734, 19, 34.8458325, 32.0807579, 0, '82.81.247.185', 31, '2018-10-23 08:25:03'),
	(1735, 19, 34.8458422, 32.0807615, 0, '82.81.247.185', 31, '2018-10-23 10:29:38'),
	(1736, 19, 34.8458422, 32.0807615, 0, '82.81.247.185', 31, '2018-10-23 10:30:38'),
	(1737, 19, 34.8458422, 32.0807615, 0, '82.81.247.185', 31, '2018-10-23 10:31:38'),
	(1738, 19, 34.8458422, 32.0807615, 0, '82.81.247.185', 31, '2018-10-23 10:32:38'),
	(1739, 19, 34.8458422, 32.0807615, 0, '82.81.247.185', 31, '2018-10-23 10:33:38'),
	(1740, 19, 34.8458422, 32.0807615, 0, '82.81.247.185', 31, '2018-10-23 10:34:38'),
	(1741, 19, 34.8458422, 32.0807615, 0, '82.81.247.185', 31, '2018-10-23 10:35:38'),
	(1742, 19, 34.8458422, 32.0807615, 0, '82.81.247.185', 31, '2018-10-23 10:36:38'),
	(1743, 19, 34.8458422, 32.0807615, 0, '82.81.247.185', 31, '2018-10-23 10:37:38'),
	(1744, 19, 34.8458422, 32.0807615, 0, '82.81.247.185', 31, '2018-10-23 10:38:38'),
	(1745, 19, 34.8458422, 32.0807615, 0, '82.81.247.185', 31, '2018-10-23 10:39:38'),
	(1746, 19, 34.8458422, 32.0807615, 0, '82.81.247.185', 31, '2018-10-23 10:40:38'),
	(1747, 19, 34.8458422, 32.0807615, 0, '82.81.247.185', 31, '2018-10-23 10:41:38'),
	(1748, 19, 34.8458422, 32.0807615, 0, '82.81.247.185', 31, '2018-10-23 10:42:38'),
	(1749, 19, 34.8458422, 32.0807615, 0, '82.81.247.185', 31, '2018-10-23 10:43:38'),
	(1750, 19, 34.8458422, 32.0807615, 0, '82.81.247.185', 31, '2018-10-23 10:44:38'),
	(1751, 19, 34.8458422, 32.0807615, 0, '82.81.247.185', 31, '2018-10-23 10:45:38'),
	(1752, 19, 34.8458422, 32.0807615, 0, '82.81.247.185', 31, '2018-10-23 10:46:38'),
	(1753, 19, 53.2211295, 56.8336412, 0, '81.4.205.112', 1, '2018-10-24 09:20:13'),
	(1754, 19, 53.2242224, 56.8519729, 176.44544982910156, '85.140.1.237', 1, '2018-10-24 10:50:22'),
	(1755, 19, 53.2242224, 56.8519729, 176.44544982910156, '85.140.1.237', 1, '2018-10-24 10:52:14'),
	(1756, 19, 53.2242224, 56.8519729, 176.44544982910156, '85.140.1.237', 1, '2018-10-24 10:53:14'),
	(1757, 19, 53.2305086, 56.8381132, 135.06761169433594, '85.140.1.237', 1, '2018-10-24 10:59:33'),
	(1758, 19, 53.2188984, 56.8759726, 0, '85.140.1.237', 1, '2018-10-24 11:08:56'),
	(1759, 19, 53.2542157, 56.8835966, 175.39999389648438, '46.147.186.23', 1, '2018-10-25 18:15:33'),
	(1760, 19, 53.2542157, 56.8835966, 175.39999389648438, '46.147.186.23', 1, '2018-10-25 18:16:32'),
	(1761, 19, 53.2542157, 56.8835966, 175.39999389648438, '46.147.186.23', 1, '2018-10-25 18:17:33'),
	(1762, 19, 53.2542157, 56.8835966, 175.39999389648438, '46.147.186.23', 1, '2018-10-25 18:18:32'),
	(1763, 19, 53.2542157, 56.8835966, 175.39999389648438, '46.147.186.23', 1, '2018-10-25 18:19:33'),
	(1764, 19, 53.2542157, 56.8835966, 175.39999389648438, '46.147.186.23', 1, '2018-10-25 18:20:32'),
	(1765, 19, 53.2541573, 56.8835955, 175.39999389648438, '46.147.186.23', 1, '2018-10-25 18:21:33'),
	(1766, 19, 53.2541573, 56.8835955, 175.39999389648438, '46.147.186.23', 1, '2018-10-25 18:22:33'),
	(1767, 19, 53.2541573, 56.8835955, 175.39999389648438, '46.147.186.23', 1, '2018-10-25 18:25:54'),
	(1768, 19, 53.2541573, 56.8835955, 175.39999389648438, '46.147.186.23', 1, '2018-10-25 18:25:54'),
	(1769, 19, 53.2541573, 56.8835955, 175.39999389648438, '46.147.186.23', 1, '2018-10-25 18:25:54'),
	(1770, 19, 53.2211311, 56.8336056, 0, '81.4.205.112', 1, '2018-10-30 07:15:41'),
	(1771, 19, 53.2211069, 56.8336118, 0, '81.4.205.112', 1, '2018-10-30 07:17:07'),
	(1772, 19, 53.2211069, 56.8336118, 0, '81.4.205.112', 1, '2018-10-30 07:17:53'),
	(1773, 19, 53.2210757, 56.8335949, 0, '81.4.205.112', 1, '2018-10-30 08:25:46'),
	(1774, 19, 53.2210757, 56.8335949, 0, '81.4.205.112', 1, '2018-10-30 08:25:46'),
	(1775, 19, 53.2210757, 56.8335949, 0, '81.4.205.112', 1, '2018-10-30 08:25:46'),
	(1776, 19, 53.2210757, 56.8335949, 0, '81.4.205.112', 1, '2018-10-30 08:25:46'),
	(1777, 19, 53.2210757, 56.8335949, 0, '81.4.205.112', 1, '2018-10-30 08:25:46'),
	(1778, 19, 53.2210757, 56.8335949, 0, '81.4.205.112', 1, '2018-10-30 08:25:46'),
	(1779, 19, 53.2210757, 56.8335949, 0, '81.4.205.112', 1, '2018-10-30 08:25:46'),
	(1780, 19, 53.2210757, 56.8335949, 0, '81.4.205.112', 1, '2018-10-30 08:25:46'),
	(1781, 19, 53.2210757, 56.8335949, 0, '81.4.205.112', 1, '2018-10-30 08:25:46'),
	(1782, 19, 53.2210757, 56.8335949, 0, '81.4.205.112', 1, '2018-10-30 08:25:46'),
	(1783, 19, 53.2210757, 56.8335949, 0, '81.4.205.112', 1, '2018-10-30 08:25:46'),
	(1784, 19, 53.2210213, 56.8334987, 0, '81.4.205.112', 1, '2018-10-30 08:53:46'),
	(1785, 19, 53.2210213, 56.8334987, 0, '81.4.205.112', 1, '2018-10-30 08:53:46'),
	(1786, 19, 53.2210213, 56.8334987, 0, '81.4.205.112', 1, '2018-10-30 08:53:46'),
	(1787, 19, 53.2210213, 56.8334987, 0, '81.4.205.112', 1, '2018-10-30 08:53:48'),
	(1788, 19, 53.2210246, 56.8334895, 0, '81.4.205.112', 1, '2018-10-30 08:55:24'),
	(1789, 19, 53.2210277, 56.8334874, 0, '81.4.205.112', 1, '2018-10-30 08:55:48'),
	(1790, 19, 53.2210277, 56.8334874, 0, '81.4.205.112', 1, '2018-10-30 08:56:48'),
	(1791, 19, 53.2210709, 56.8335609, 0, '81.4.205.112', 1, '2018-10-30 08:57:48'),
	(1792, 19, 53.2210565, 56.8335715, 0, '81.4.205.112', 1, '2018-10-30 08:58:48'),
	(1793, 19, 53.221063, 56.8335622, 0, '81.4.205.112', 1, '2018-10-30 08:59:48'),
	(1794, 19, 53.2210392, 56.8335845, 0, '81.4.205.112', 1, '2018-11-01 03:25:46'),
	(1795, 19, 53.221034, 56.8335689, 0, '81.4.205.112', 1, '2018-11-01 03:26:46'),
	(1796, 19, 53.2210392, 56.8335845, 0, '81.4.205.112', 1, '2018-11-01 03:27:46'),
	(1797, 19, 53.2210639, 56.8335684, 0, '81.4.205.112', 1, '2018-11-01 03:28:46'),
	(1798, 19, 53.2210486, 56.8335548, 0, '81.4.205.112', 1, '2018-11-01 03:29:46'),
	(1799, 19, 53.2210486, 56.8335548, 0, '81.4.205.112', 1, '2018-11-01 03:30:46'),
	(1800, 19, 53.2210595, 56.8335567, 0, '81.4.205.112', 1, '2018-11-01 03:31:55'),
	(1801, 19, 53.2210486, 56.8335548, 0, '81.4.205.112', 1, '2018-11-01 03:32:55'),
	(1802, 19, 53.2210486, 56.8335548, 0, '81.4.205.112', 1, '2018-11-01 03:33:55'),
	(1803, 19, 53.2209993, 56.8335362, 0, '81.4.205.112', 1, '2018-11-01 03:49:00'),
	(1804, 19, 53.2209993, 56.8335362, 0, '81.4.205.112', 1, '2018-11-01 03:49:00'),
	(1805, 19, 53.2209993, 56.8335362, 0, '81.4.205.112', 1, '2018-11-01 03:49:00'),
	(1806, 19, 53.2209993, 56.8335362, 0, '81.4.205.112', 1, '2018-11-01 03:49:00'),
	(1807, 19, 53.2209993, 56.8335362, 0, '81.4.205.112', 1, '2018-11-01 03:49:00'),
	(1808, 19, 53.2209993, 56.8335362, 0, '81.4.205.112', 1, '2018-11-01 03:49:00'),
	(1809, 19, 53.2209993, 56.8335362, 0, '81.4.205.112', 1, '2018-11-01 03:49:00'),
	(1810, 19, 53.2209993, 56.8335362, 0, '81.4.205.112', 1, '2018-11-01 03:49:00'),
	(1811, 19, 53.2209993, 56.8335362, 0, '81.4.205.112', 1, '2018-11-01 03:49:00'),
	(1812, 19, 53.2209993, 56.8335362, 0, '81.4.205.112', 1, '2018-11-01 03:49:00'),
	(1813, 19, 53.2209993, 56.8335362, 0, '81.4.205.112', 1, '2018-11-01 03:49:00'),
	(1814, 19, 53.2209993, 56.8335362, 0, '81.4.205.112', 1, '2018-11-01 03:49:00'),
	(1815, 19, 53.2209993, 56.8335362, 0, '81.4.205.112', 1, '2018-11-01 03:49:00'),
	(1816, 19, 53.2209993, 56.8335362, 0, '81.4.205.112', 1, '2018-11-01 03:49:00'),
	(1817, 19, 53.2209993, 56.8335362, 0, '81.4.205.112', 1, '2018-11-01 03:49:00'),
	(1818, 19, 53.2209363, 56.8336298, 0, '81.4.205.112', 1, '2018-11-01 04:06:54'),
	(1819, 19, 53.2209363, 56.8336298, 0, '81.4.205.112', 1, '2018-11-01 04:06:54'),
	(1820, 19, 53.2209363, 56.8336298, 0, '81.4.205.112', 1, '2018-11-01 04:06:55'),
	(1821, 19, 53.2209363, 56.8336298, 0, '81.4.205.112', 1, '2018-11-01 04:06:55'),
	(1822, 19, 53.2209363, 56.8336298, 0, '81.4.205.112', 1, '2018-11-01 04:06:55'),
	(1823, 19, 53.2209363, 56.8336298, 0, '81.4.205.112', 1, '2018-11-01 04:06:55'),
	(1824, 19, 53.2209363, 56.8336298, 0, '81.4.205.112', 1, '2018-11-01 04:06:55'),
	(1825, 19, 53.2209363, 56.8336298, 0, '81.4.205.112', 1, '2018-11-01 04:06:55'),
	(1826, 19, 53.2209363, 56.8336298, 0, '81.4.205.112', 1, '2018-11-01 04:06:55'),
	(1827, 19, 53.2209363, 56.8336298, 0, '81.4.205.112', 1, '2018-11-01 04:06:55'),
	(1828, 19, 53.2209363, 56.8336298, 0, '81.4.205.112', 1, '2018-11-01 04:06:55'),
	(1829, 19, 53.2209363, 56.8336298, 0, '81.4.205.112', 1, '2018-11-01 04:06:55'),
	(1830, 19, 53.2209363, 56.8336298, 0, '81.4.205.112', 1, '2018-11-01 04:06:55'),
	(1831, 19, 53.2209363, 56.8336298, 0, '81.4.205.112', 1, '2018-11-01 04:06:55'),
	(1832, 19, 53.2209363, 56.8336298, 0, '81.4.205.112', 1, '2018-11-01 04:06:55'),
	(1833, 19, 53.2209363, 56.8336298, 0, '81.4.205.112', 1, '2018-11-01 04:06:55'),
	(1834, 19, 53.2209363, 56.8336298, 0, '81.4.205.112', 1, '2018-11-01 04:06:55'),
	(1835, 19, 53.2209363, 56.8336298, 0, '81.4.205.112', 1, '2018-11-01 04:06:55'),
	(1836, 19, 53.2209463, 56.8336328, 0, '81.4.205.112', 1, '2018-11-01 04:08:00'),
	(1837, 19, 53.2209672, 56.833604, 0, '81.4.205.112', 1, '2018-11-01 04:08:55'),
	(1838, 19, 53.2209523, 56.833597, 0, '81.4.205.112', 1, '2018-11-01 04:09:57'),
	(1839, 19, 53.2209523, 56.833597, 0, '81.4.205.112', 1, '2018-11-01 04:10:55'),
	(1840, 19, 53.2209549, 56.8336219, 0, '81.4.205.112', 1, '2018-11-01 04:11:55'),
	(1841, 19, 53.2209523, 56.833597, 0, '81.4.205.112', 1, '2018-11-01 04:12:55'),
	(1842, 19, 53.2209672, 56.833604, 0, '81.4.205.112', 1, '2018-11-01 04:13:55'),
	(1843, 19, 53.2211759, 56.8336433, 101.69999694824219, '85.140.6.239', 1, '2018-11-01 04:14:03'),
	(1844, 19, 53.220959, 56.833619, 0, '81.4.205.112', 1, '2018-11-01 04:14:55'),
	(1845, 19, 53.220959, 56.833619, 0, '81.4.205.112', 1, '2018-11-01 04:15:55'),
	(1846, 19, 53.2209667, 56.8336077, 0, '81.4.205.112', 1, '2018-11-01 04:16:55'),
	(1847, 19, 53.2209503, 56.8336335, 0, '81.4.205.112', 1, '2018-11-01 04:17:55'),
	(1848, 19, 53.221146, 56.8335095, 0, '81.4.205.112', 1, '2018-11-01 04:18:55'),
	(1849, 19, 53.2211426, 56.8334983, 0, '81.4.205.112', 1, '2018-11-01 04:19:55'),
	(1850, 19, 53.2209991, 56.8335935, 0, '81.4.205.112', 1, '2018-11-01 04:29:20'),
	(1851, 19, 53.2209991, 56.8335935, 0, '81.4.205.112', 1, '2018-11-01 04:29:20'),
	(1852, 19, 53.2209991, 56.8335935, 0, '81.4.205.112', 1, '2018-11-01 04:29:20'),
	(1853, 19, 53.2209991, 56.8335935, 0, '81.4.205.112', 1, '2018-11-01 04:29:20'),
	(1854, 19, 53.2209991, 56.8335935, 0, '81.4.205.112', 1, '2018-11-01 04:29:20'),
	(1855, 19, 53.2209991, 56.8335935, 0, '81.4.205.112', 1, '2018-11-01 04:29:20'),
	(1856, 19, 53.2209991, 56.8335935, 0, '81.4.205.112', 1, '2018-11-01 04:29:21'),
	(1857, 19, 53.2209991, 56.8335935, 0, '81.4.205.112', 1, '2018-11-01 04:29:21'),
	(1858, 19, 53.2209991, 56.8335935, 0, '81.4.205.112', 1, '2018-11-01 04:29:21'),
	(1859, 19, 53.2210296, 56.8335868, 0, '81.4.205.112', 1, '2018-11-01 04:29:55'),
	(1860, 19, 53.2210223, 56.8336045, 0, '81.4.205.112', 1, '2018-11-01 04:30:55'),
	(1861, 19, 53.2210223, 56.8336045, 0, '81.4.205.112', 1, '2018-11-01 04:31:55'),
	(1862, 19, 34.8458163, 32.0807292, 0, '82.81.247.185', 31, '2018-11-01 04:32:09'),
	(1863, 19, 34.8458163, 32.0807292, 0, '82.81.247.185', 31, '2018-11-01 04:33:09'),
	(1864, 19, 53.221029, 56.8335695, 0, '81.4.205.112', 1, '2018-11-01 04:33:18'),
	(1865, 19, 53.2210304, 56.833588, 0, '81.4.205.112', 1, '2018-11-01 04:33:55'),
	(1866, 19, 34.8458163, 32.0807292, 0, '82.81.247.185', 31, '2018-11-01 04:34:09'),
	(1867, 23, 34.8458333, 32.0807218, 0, '82.81.247.185', 31, '2018-11-01 04:34:52'),
	(1868, 19, 53.221032, 56.8336004, 0, '81.4.205.112', 1, '2018-11-01 04:34:55'),
	(1869, 19, 34.8458163, 32.0807292, 0, '82.81.247.185', 31, '2018-11-01 04:35:09'),
	(1870, 19, 53.221032, 56.8336004, 0, '81.4.205.112', 1, '2018-11-01 04:35:55'),
	(1871, 19, 34.8458163, 32.0807292, 0, '82.81.247.185', 31, '2018-11-01 04:36:09'),
	(1872, 19, 53.2210215, 56.8335917, 0, '81.4.205.112', 1, '2018-11-01 04:37:08'),
	(1873, 19, 34.8458163, 32.0807292, 0, '82.81.247.185', 31, '2018-11-01 04:37:09'),
	(1874, 23, 34.8458335, 32.0807216, 0, '82.81.247.185', 31, '2018-11-01 04:37:34'),
	(1875, 23, 34.8458567, 32.0807282, 0, '82.81.247.185', 31, '2018-11-01 04:37:48'),
	(1876, 19, 53.2209991, 56.8335935, 0, '81.4.205.112', 1, '2018-11-01 04:37:55'),
	(1877, 19, 34.8458163, 32.0807292, 0, '82.81.247.185', 31, '2018-11-01 04:38:09'),
	(1878, 23, 34.845849, 32.0807205, 0, '82.81.247.185', 31, '2018-11-01 04:38:48'),
	(1879, 19, 53.2210292, 56.833586, 0, '81.4.205.112', 1, '2018-11-01 04:38:55'),
	(1880, 19, 34.8458163, 32.0807292, 0, '82.81.247.185', 31, '2018-11-01 04:39:09'),
	(1881, 23, 34.8458328, 32.0807211, 0, '82.81.247.185', 31, '2018-11-01 04:39:48'),
	(1882, 19, 53.221032, 56.8336004, 0, '81.4.205.112', 1, '2018-11-01 04:40:13'),
	(1883, 23, 34.8458328, 32.0807211, 0, '82.81.247.185', 31, '2018-11-01 04:40:48'),
	(1884, 19, 53.2209991, 56.8335935, 0, '81.4.205.112', 1, '2018-11-01 04:41:13'),
	(1885, 19, 34.8458163, 32.0807292, 0, '82.81.247.185', 31, '2018-11-01 04:41:45'),
	(1886, 19, 34.8458163, 32.0807292, 0, '82.81.247.185', 31, '2018-11-01 04:41:45'),
	(1887, 23, 34.8458325, 32.080721, 0, '82.81.247.185', 31, '2018-11-01 04:41:48'),
	(1888, 23, 34.8458567, 32.0807282, 0, '82.81.247.185', 31, '2018-11-01 04:42:48'),
	(1889, 19, 34.8458163, 32.0807292, 0, '82.81.247.185', 31, '2018-11-01 04:42:55'),
	(1890, 19, 53.2210223, 56.8336045, 0, '81.4.205.112', 1, '2018-11-01 04:43:08'),
	(1891, 23, 34.845849, 32.0807201, 0, '82.81.247.185', 31, '2018-11-01 04:43:48'),
	(1892, 19, 34.8458163, 32.0807292, 0, '82.81.247.185', 31, '2018-11-01 04:43:55'),
	(1893, 19, 53.2210223, 56.8336045, 0, '81.4.205.112', 1, '2018-11-01 04:44:08'),
	(1894, 19, 34.8458163, 32.0807292, 0, '82.81.247.185', 31, '2018-11-01 04:44:55'),
	(1895, 19, 53.2210212, 56.833588, 0, '81.4.205.112', 1, '2018-11-01 04:45:08'),
	(1896, 19, 34.8458163, 32.0807292, 0, '82.81.247.185', 31, '2018-11-01 04:45:55'),
	(1897, 19, 53.2210292, 56.833586, 0, '81.4.205.112', 1, '2018-11-01 04:46:08'),
	(1898, 19, 34.8458163, 32.0807292, 0, '82.81.247.185', 31, '2018-11-01 04:46:55'),
	(1899, 19, 53.221032, 56.8336004, 0, '81.4.205.112', 1, '2018-11-01 04:47:08'),
	(1900, 23, 34.8458486, 32.0807196, 0, '82.81.247.185', 31, '2018-11-01 04:47:40'),
	(1901, 19, 34.8458163, 32.0807292, 0, '82.81.247.185', 31, '2018-11-01 04:47:55'),
	(1902, 19, 53.2210296, 56.8335868, 0, '81.4.205.112', 1, '2018-11-01 04:48:08'),
	(1903, 19, 34.8458163, 32.0807292, 0, '82.81.247.185', 31, '2018-11-01 04:48:55'),
	(1904, 19, 53.2210215, 56.8335917, 0, '81.4.205.112', 1, '2018-11-01 04:49:08'),
	(1905, 19, 34.8458163, 32.0807292, 0, '82.81.247.185', 31, '2018-11-01 04:49:55'),
	(1906, 19, 53.2210215, 56.8335917, 0, '81.4.205.112', 1, '2018-11-01 04:50:28'),
	(1907, 19, 34.8458163, 32.0807292, 0, '82.81.247.185', 31, '2018-11-01 04:50:55'),
	(1908, 19, 53.2210215, 56.8335917, 0, '81.4.205.112', 1, '2018-11-01 04:51:08'),
	(1909, 19, 34.8458163, 32.0807292, 0, '82.81.247.185', 31, '2018-11-01 04:51:55'),
	(1910, 19, 53.2210201, 56.8336088, 0, '81.4.205.112', 1, '2018-11-01 04:52:08'),
	(1911, 19, 34.8458163, 32.0807292, 0, '82.81.247.185', 31, '2018-11-01 04:52:56'),
	(1912, 19, 53.2210201, 56.8336088, 0, '81.4.205.112', 1, '2018-11-01 04:53:08'),
	(1913, 19, 34.8458163, 32.0807292, 0, '82.81.247.185', 31, '2018-11-01 04:53:55'),
	(1914, 19, 53.2210149, 56.8336136, 0, '81.4.205.112', 1, '2018-11-01 04:54:08'),
	(1915, 19, 34.8458163, 32.0807292, 0, '82.81.247.185', 31, '2018-11-01 04:54:55'),
	(1916, 19, 53.2210215, 56.8335917, 0, '81.4.205.112', 1, '2018-11-01 04:55:08'),
	(1917, 19, 34.8458163, 32.0807292, 0, '82.81.247.185', 31, '2018-11-01 04:55:55'),
	(1918, 19, 34.8458163, 32.0807292, 0, '82.81.247.185', 31, '2018-11-01 04:56:55'),
	(1919, 19, 34.8458163, 32.0807292, 0, '82.81.247.185', 31, '2018-11-01 04:57:55'),
	(1920, 19, 34.8458163, 32.0807292, 0, '82.81.247.185', 31, '2018-11-01 04:58:55'),
	(1921, 19, 34.8458163, 32.0807292, 0, '82.81.247.185', 31, '2018-11-01 04:59:55'),
	(1922, 19, 34.8458163, 32.0807292, 0, '82.81.247.185', 31, '2018-11-01 05:00:55'),
	(1923, 19, 34.8458163, 32.0807292, 0, '82.81.247.185', 31, '2018-11-01 05:01:55'),
	(1924, 19, 34.8458163, 32.0807292, 0, '82.81.247.185', 31, '2018-11-01 05:02:55'),
	(1925, 19, 53.2209991, 56.8335935, 0, '81.4.205.112', 1, '2018-11-01 05:03:39'),
	(1926, 19, 53.2209991, 56.8335935, 0, '81.4.205.112', 1, '2018-11-01 05:03:39'),
	(1927, 19, 53.2209991, 56.8335935, 0, '81.4.205.112', 1, '2018-11-01 05:03:39'),
	(1928, 19, 53.2209991, 56.8335935, 0, '81.4.205.112', 1, '2018-11-01 05:03:39'),
	(1929, 19, 53.2209991, 56.8335935, 0, '81.4.205.112', 1, '2018-11-01 05:03:39'),
	(1930, 19, 53.2209991, 56.8335935, 0, '81.4.205.112', 1, '2018-11-01 05:03:39'),
	(1931, 19, 53.2209991, 56.8335935, 0, '81.4.205.112', 1, '2018-11-01 05:03:39'),
	(1932, 19, 53.2209991, 56.8335935, 0, '81.4.205.112', 1, '2018-11-01 05:03:39'),
	(1933, 19, 53.2210215, 56.8335917, 0, '81.4.205.112', 1, '2018-11-01 05:04:08'),
	(1934, 19, 53.2210223, 56.8336045, 0, '81.4.205.112', 1, '2018-11-01 05:05:08'),
	(1935, 19, 53.2210215, 56.8335917, 0, '81.4.205.112', 1, '2018-11-01 05:06:08'),
	(1936, 19, 53.2209991, 56.8335935, 0, '81.4.205.112', 1, '2018-11-01 05:07:08'),
	(1937, 19, 53.2209991, 56.8335935, 0, '81.4.205.112', 1, '2018-11-01 05:08:08'),
	(1938, 19, 53.2209991, 56.8335935, 0, '81.4.205.112', 1, '2018-11-01 05:09:08'),
	(1939, 19, 53.2209991, 56.8335935, 0, '81.4.205.112', 1, '2018-11-01 05:10:08'),
	(1940, 19, 53.2210201, 56.8336088, 0, '81.4.205.112', 1, '2018-11-01 05:11:08'),
	(1941, 19, 53.2211121, 56.8335787, 0, '81.4.205.112', 1, '2018-11-01 05:12:08'),
	(1942, 19, 53.2210919, 56.8335916, 0, '81.4.205.112', 1, '2018-11-01 05:13:08'),
	(1943, 19, 53.2210301, 56.8335556, 0, '81.4.205.112', 1, '2018-11-01 06:01:44'),
	(1944, 19, 53.2210622, 56.8335232, 0, '81.4.205.112', 1, '2018-11-01 06:02:44'),
	(1945, 19, 53.2210573, 56.8335315, 0, '81.4.205.112', 1, '2018-11-01 06:03:44'),
	(1946, 19, 53.2210597, 56.8335283, 0, '81.4.205.112', 1, '2018-11-01 06:04:44'),
	(1947, 19, 53.2210622, 56.8335232, 0, '81.4.205.112', 1, '2018-11-01 06:05:44'),
	(1948, 19, 53.2210622, 56.8335232, 0, '81.4.205.112', 1, '2018-11-01 06:06:44'),
	(1949, 19, 53.2210573, 56.8335315, 0, '81.4.205.112', 1, '2018-11-01 06:07:44'),
	(1950, 19, 53.2210573, 56.8335315, 0, '81.4.205.112', 1, '2018-11-01 06:08:44'),
	(1951, 19, 53.2210622, 56.8335232, 0, '81.4.205.112', 1, '2018-11-01 06:09:44'),
	(1952, 19, 53.2210849, 56.8335056, 0, '81.4.205.112', 1, '2018-11-01 06:10:44'),
	(1953, 19, 53.2210573, 56.8335315, 0, '81.4.205.112', 1, '2018-11-01 06:11:44'),
	(1954, 19, 53.2209866, 56.8335075, 0, '81.4.205.112', 1, '2018-11-01 06:12:44'),
	(1955, 19, 53.2210159, 56.8335215, 0, '81.4.205.112', 1, '2018-11-01 06:13:44'),
	(1956, 19, 53.2209866, 56.8335075, 0, '81.4.205.112', 1, '2018-11-01 06:14:44'),
	(1957, 19, 53.2210031, 56.8335217, 0, '81.4.205.112', 1, '2018-11-01 06:15:44'),
	(1958, 19, 53.2210001, 56.8335234, 0, '81.4.205.112', 1, '2018-11-01 06:16:44'),
	(1959, 19, 53.2210072, 56.8335248, 0, '81.4.205.112', 1, '2018-11-01 06:17:44'),
	(1960, 19, 53.2210072, 56.8335248, 0, '81.4.205.112', 1, '2018-11-01 06:18:44'),
	(1961, 19, 53.2210001, 56.8335234, 0, '81.4.205.112', 1, '2018-11-01 06:19:44'),
	(1962, 19, 53.2210072, 56.8335248, 0, '81.4.205.112', 1, '2018-11-01 06:20:44'),
	(1963, 19, 53.2210031, 56.8335217, 0, '81.4.205.112', 1, '2018-11-01 06:21:44'),
	(1964, 19, 53.2210529, 56.8334971, 0, '81.4.205.112', 1, '2018-11-01 06:22:44'),
	(1965, 19, 53.2210412, 56.8334665, 0, '81.4.205.112', 1, '2018-11-01 06:23:44'),
	(1966, 19, 53.2210529, 56.8334971, 0, '81.4.205.112', 1, '2018-11-01 06:24:44'),
	(1967, 19, 53.2210412, 56.8334665, 0, '81.4.205.112', 1, '2018-11-01 06:25:44'),
	(1968, 19, 53.2210508, 56.8334835, 0, '81.4.205.112', 1, '2018-11-01 06:26:44'),
	(1969, 19, 53.2210529, 56.8334971, 0, '81.4.205.112', 1, '2018-11-01 06:27:44'),
	(1970, 19, 53.2210529, 56.8334971, 0, '81.4.205.112', 1, '2018-11-01 06:28:44'),
	(1971, 19, 53.2210529, 56.8334971, 0, '81.4.205.112', 1, '2018-11-01 06:29:44'),
	(1972, 19, 53.2210347, 56.8334927, 0, '81.4.205.112', 1, '2018-11-01 06:30:44'),
	(1973, 19, 53.2210529, 56.8334971, 0, '81.4.205.112', 1, '2018-11-01 06:31:44'),
	(1974, 19, 53.2210787, 56.8335764, 0, '81.4.205.112', 1, '2018-11-01 06:42:10'),
	(1975, 19, 53.2210787, 56.8335764, 0, '81.4.205.112', 1, '2018-11-01 06:42:10'),
	(1976, 19, 53.2210787, 56.8335764, 0, '81.4.205.112', 1, '2018-11-01 06:42:10'),
	(1977, 19, 53.2210787, 56.8335764, 0, '81.4.205.112', 1, '2018-11-01 06:42:10'),
	(1978, 19, 53.2210787, 56.8335764, 0, '81.4.205.112', 1, '2018-11-01 06:42:10'),
	(1979, 19, 53.2210787, 56.8335764, 0, '81.4.205.112', 1, '2018-11-01 06:42:10'),
	(1980, 19, 53.2210787, 56.8335764, 0, '81.4.205.112', 1, '2018-11-01 06:42:10'),
	(1981, 19, 53.2210787, 56.8335764, 0, '81.4.205.112', 1, '2018-11-01 06:42:10'),
	(1982, 19, 53.2210787, 56.8335764, 0, '81.4.205.112', 1, '2018-11-01 06:42:10'),
	(1983, 19, 53.2210787, 56.8335764, 0, '81.4.205.112', 1, '2018-11-01 06:42:10'),
	(1984, 19, 53.2209796, 56.8334875, 0, '81.4.205.112', 1, '2018-11-01 06:43:59'),
	(1985, 19, 53.2209796, 56.8334875, 0, '81.4.205.112', 1, '2018-11-01 06:43:59'),
	(1986, 19, 53.220971, 56.8335294, 0, '81.4.205.112', 1, '2018-11-01 06:44:44'),
	(1987, 19, 53.2209796, 56.8334875, 0, '81.4.205.112', 1, '2018-11-01 06:45:44'),
	(1988, 19, 53.2209678, 56.8335308, 0, '81.4.205.112', 1, '2018-11-01 06:46:44'),
	(1989, 19, 53.2209678, 56.8335308, 0, '81.4.205.112', 1, '2018-11-01 06:47:44'),
	(1990, 19, 53.2209528, 56.8335315, 0, '81.4.205.112', 1, '2018-11-01 06:51:24'),
	(1991, 19, 53.2209528, 56.8335315, 0, '81.4.205.112', 1, '2018-11-01 06:51:24'),
	(1992, 19, 53.2209528, 56.8335315, 0, '81.4.205.112', 1, '2018-11-01 06:51:24'),
	(1993, 19, 53.2209678, 56.8335308, 0, '81.4.205.112', 1, '2018-11-01 06:51:44'),
	(1994, 19, 53.2209263, 56.8335551, 0, '81.4.205.112', 1, '2018-11-01 07:03:31'),
	(1995, 19, 53.2209263, 56.8335551, 0, '81.4.205.112', 1, '2018-11-01 07:03:31'),
	(1996, 19, 53.2209263, 56.8335551, 0, '81.4.205.112', 1, '2018-11-01 07:03:31'),
	(1997, 19, 53.2209263, 56.8335551, 0, '81.4.205.112', 1, '2018-11-01 07:03:31'),
	(1998, 19, 53.2209263, 56.8335551, 0, '81.4.205.112', 1, '2018-11-01 07:03:31'),
	(1999, 19, 53.2209263, 56.8335551, 0, '81.4.205.112', 1, '2018-11-01 07:03:31'),
	(2000, 19, 53.2209263, 56.8335551, 0, '81.4.205.112', 1, '2018-11-01 07:03:31'),
	(2001, 19, 53.2209263, 56.8335551, 0, '81.4.205.112', 1, '2018-11-01 07:03:31'),
	(2002, 19, 53.2209263, 56.8335551, 0, '81.4.205.112', 1, '2018-11-01 07:03:31'),
	(2003, 19, 53.2209263, 56.8335551, 0, '81.4.205.112', 1, '2018-11-01 07:03:31'),
	(2004, 19, 53.2209263, 56.8335551, 0, '81.4.205.112', 1, '2018-11-01 07:03:31'),
	(2005, 19, 53.2209201, 56.8334953, 0, '81.4.205.112', 1, '2018-11-01 07:03:44'),
	(2006, 19, 53.2209052, 56.8335288, 0, '81.4.205.112', 1, '2018-11-01 07:04:44'),
	(2007, 19, 53.2209263, 56.8335551, 0, '81.4.205.112', 1, '2018-11-01 07:05:44'),
	(2008, 19, 53.2209201, 56.8334953, 0, '81.4.205.112', 1, '2018-11-01 07:06:44'),
	(2009, 19, 53.2209263, 56.8335551, 0, '81.4.205.112', 1, '2018-11-01 07:07:44'),
	(2010, 19, 53.2209375, 56.8335497, 0, '81.4.205.112', 1, '2018-11-01 07:08:44'),
	(2011, 19, 53.2209375, 56.8335497, 0, '81.4.205.112', 1, '2018-11-01 07:09:44'),
	(2012, 19, 53.2209201, 56.8334953, 0, '81.4.205.112', 1, '2018-11-01 07:10:44'),
	(2013, 19, 53.2209201, 56.8334953, 0, '81.4.205.112', 1, '2018-11-01 07:12:29'),
	(2014, 19, 53.2209263, 56.8335551, 0, '81.4.205.112', 1, '2018-11-01 07:12:44'),
	(2015, 19, 35.3411072, 32.7417856, 0, '79.182.231.90', 1, '2018-11-02 05:25:29'),
	(2016, 19, 35.3411072, 32.7417856, 0, '79.182.231.90', 1, '2018-11-02 05:26:29'),
	(2017, 19, 34.8034417, 32.1251719, 50.599998474121094, '2.53.143.67', 1, '2018-11-04 08:02:53'),
	(2018, 19, 34.8032941, 32.1251805, 50.599998474121094, '2.53.143.67', 1, '2018-11-04 08:03:53'),
	(2019, 19, 53.2207924, 56.8335674, 0, '81.4.205.112', 1, '2018-11-19 08:30:04'),
	(2020, 19, 53.2208045, 56.8335796, 0, '81.4.205.112', 1, '2018-11-19 08:31:03'),
	(2021, 23, 34.851611999999996, 31.046051, 0, '2.53.28.163', 1, '2018-11-19 08:38:59'),
	(2022, 23, 34.851611999999996, 31.046051, 0, '2.53.28.163', 1, '2018-11-19 08:39:58'),
	(2023, 23, 34.851611999999996, 31.046051, 0, '2.53.28.163', 1, '2018-11-19 08:40:59'),
	(2024, 23, 34.851611999999996, 31.046051, 0, '2.53.28.163', 1, '2018-11-19 08:41:59'),
	(2025, 23, 34.851611999999996, 31.046051, 0, '2.53.28.163', 1, '2018-11-19 08:43:00'),
	(2026, 23, 34.851611999999996, 31.046051, 0, '2.53.28.163', 1, '2018-11-19 08:43:59'),
	(2027, 23, 34.851611999999996, 31.046051, 0, '2.53.28.163', 1, '2018-11-19 08:44:59'),
	(2028, 23, 34.851611999999996, 31.046051, 0, '2.53.28.163', 1, '2018-11-19 08:45:59'),
	(2029, 23, 34.851611999999996, 31.046051, 0, '2.53.28.163', 1, '2018-11-19 08:46:58'),
	(2030, 23, 34.851611999999996, 31.046051, 0, '2.53.28.163', 1, '2018-11-19 08:47:59'),
	(2031, 23, 34.851611999999996, 31.046051, 0, '2.53.28.163', 1, '2018-11-19 08:48:59'),
	(2032, 23, 34.851611999999996, 31.046051, 0, '2.53.28.163', 1, '2018-11-19 08:49:58'),
	(2033, 23, 34.8600418, 32.2781161, 47, '2.53.6.118', 1, '2018-11-19 08:57:05'),
	(2034, 19, 34.8458216, 32.080750099999996, 0, '82.81.247.185', 31, '2018-11-20 02:39:12'),
	(2035, 19, 34.8458216, 32.080750099999996, 0, '82.81.247.185', 31, '2018-11-20 02:41:31'),
	(2036, 19, 34.8458216, 32.080750099999996, 0, '82.81.247.185', 31, '2018-11-20 02:41:31'),
	(2037, 19, 34.8458216, 32.080750099999996, 0, '82.81.247.185', 31, '2018-11-20 02:42:12'),
	(2038, 19, 34.8458216, 32.080750099999996, 0, '82.81.247.185', 31, '2018-11-20 02:43:12'),
	(2039, 19, 34.8458216, 32.080750099999996, 0, '82.81.247.185', 31, '2018-11-20 02:54:48'),
	(2040, 19, 34.8458216, 32.080750099999996, 0, '82.81.247.185', 31, '2018-11-20 02:54:48'),
	(2041, 19, 34.8458216, 32.080750099999996, 0, '82.81.247.185', 31, '2018-11-20 02:54:48'),
	(2042, 19, 34.8458216, 32.080750099999996, 0, '82.81.247.185', 31, '2018-11-20 02:54:48'),
	(2043, 19, 34.8458216, 32.080750099999996, 0, '82.81.247.185', 31, '2018-11-20 02:54:48'),
	(2044, 19, 34.8458216, 32.080750099999996, 0, '82.81.247.185', 31, '2018-11-20 02:54:48'),
	(2045, 19, 34.8458216, 32.080750099999996, 0, '82.81.247.185', 31, '2018-11-20 02:54:48'),
	(2046, 19, 34.8458216, 32.080750099999996, 0, '82.81.247.185', 31, '2018-11-20 02:54:48'),
	(2047, 19, 34.8458216, 32.080750099999996, 0, '82.81.247.185', 31, '2018-11-20 02:54:48'),
	(2048, 19, 34.8458216, 32.080750099999996, 0, '82.81.247.185', 31, '2018-11-20 02:54:48'),
	(2049, 19, 34.8458216, 32.080750099999996, 0, '82.81.247.185', 31, '2018-11-20 02:54:48'),
	(2050, 19, 34.8458216, 32.080750099999996, 0, '82.81.247.185', 31, '2018-11-20 02:55:53'),
	(2051, 19, 34.8458216, 32.080750099999996, 0, '82.81.247.185', 31, '2018-11-20 02:56:53'),
	(2052, 19, 34.8458216, 32.080750099999996, 0, '82.81.247.185', 31, '2018-11-20 03:01:40'),
	(2053, 19, 34.8458216, 32.080750099999996, 0, '82.81.247.185', 31, '2018-11-20 03:01:40'),
	(2054, 19, 34.8458216, 32.080750099999996, 0, '82.81.247.185', 31, '2018-11-20 03:01:40'),
	(2055, 19, 34.8458216, 32.080750099999996, 0, '82.81.247.185', 31, '2018-11-20 03:01:40'),
	(2056, 19, 34.8458216, 32.080750099999996, 0, '82.81.247.185', 31, '2018-11-20 03:01:53'),
	(2057, 19, 34.8458495, 32.0857854, 0, '82.81.247.185', 1, '2018-11-21 02:59:00'),
	(2058, 19, 34.8458495, 32.0857854, 0, '82.81.247.185', 1, '2018-11-21 03:00:00'),
	(2059, 19, 34.8458495, 32.0857854, 0, '82.81.247.185', 1, '2018-11-21 03:01:00'),
	(2060, 19, 34.8458495, 32.0857854, 0, '82.81.247.185', 1, '2018-11-21 03:02:00'),
	(2061, 19, 34.8458495, 32.0857854, 0, '82.81.247.185', 1, '2018-11-21 03:03:11'),
	(2062, 19, 34.8458495, 32.0857854, 0, '82.81.247.185', 1, '2018-11-21 03:04:11'),
	(2063, 19, 34.8458495, 32.0857854, 0, '82.81.247.185', 1, '2018-11-21 03:05:11'),
	(2064, 19, 34.8458495, 32.0857854, 0, '82.81.247.185', 31, '2018-11-21 03:07:13'),
	(2065, 19, 34.8458495, 32.0857854, 0, '82.81.247.185', 31, '2018-11-21 03:07:13'),
	(2066, 19, 34.8458495, 32.0857854, 0, '82.81.247.185', 31, '2018-11-21 03:09:44'),
	(2067, 19, 34.8458495, 32.0857854, 0, '82.81.247.185', 31, '2018-11-21 03:19:39'),
	(2068, 19, 34.8458495, 32.0857854, 0, '82.81.247.185', 31, '2018-11-21 03:19:39'),
	(2069, 19, 34.8458495, 32.0857854, 0, '82.81.247.185', 31, '2018-11-21 03:19:39'),
	(2070, 19, 34.8458495, 32.0857854, 0, '82.81.247.185', 31, '2018-11-21 03:19:39'),
	(2071, 19, 34.8458495, 32.0857854, 0, '82.81.247.185', 31, '2018-11-21 03:19:39'),
	(2072, 19, 34.8458495, 32.0857854, 0, '82.81.247.185', 31, '2018-11-21 03:19:39'),
	(2073, 19, 34.8458495, 32.0857854, 0, '82.81.247.185', 31, '2018-11-21 03:19:39'),
	(2074, 19, 34.8458495, 32.0857854, 0, '82.81.247.185', 31, '2018-11-21 03:19:39'),
	(2075, 19, 34.8458495, 32.0857854, 0, '82.81.247.185', 31, '2018-11-21 03:19:39'),
	(2076, 19, 34.8458495, 32.0857854, 0, '82.81.247.185', 31, '2018-11-21 03:20:46'),
	(2077, 19, 34.8458495, 32.0857854, 0, '82.81.247.185', 31, '2018-11-21 03:21:46'),
	(2078, 19, 34.8458495, 32.0857854, 0, '82.81.247.185', 31, '2018-11-21 03:22:46'),
	(2079, 19, 34.8458495, 32.0857854, 0, '82.81.247.185', 31, '2018-11-21 03:23:46'),
	(2080, 19, 34.8458495, 32.0857854, 0, '82.81.247.185', 31, '2018-11-21 03:24:46'),
	(2081, 19, 34.8458495, 32.0857854, 0, '82.81.247.185', 31, '2018-11-21 03:25:46'),
	(2082, 19, 34.8458495, 32.0857854, 0, '82.81.247.185', 31, '2018-11-21 03:27:27'),
	(2083, 19, 34.8458495, 32.0857854, 0, '82.81.247.185', 31, '2018-11-21 03:28:27'),
	(2084, 19, 34.8458495, 32.0857854, 0, '82.81.247.185', 31, '2018-11-21 03:29:27'),
	(2085, 19, 34.8458495, 32.0857854, 0, '82.81.247.185', 31, '2018-11-21 03:30:28'),
	(2086, 19, 34.8458495, 32.0857854, 0, '82.81.247.185', 31, '2018-11-21 03:31:27'),
	(2087, 19, 34.8458495, 32.0857854, 0, '82.81.247.185', 31, '2018-11-21 03:32:27'),
	(2088, 19, 34.8458495, 32.0857854, 0, '82.81.247.185', 31, '2018-11-21 03:33:27'),
	(2089, 19, 34.8458495, 32.0857854, 0, '82.81.247.185', 31, '2018-11-21 03:34:27'),
	(2090, 19, 34.8458495, 32.0857854, 0, '82.81.247.185', 31, '2018-11-21 03:35:27'),
	(2091, 19, 34.8458495, 32.0857854, 0, '82.81.247.185', 31, '2018-11-21 03:36:27'),
	(2092, 19, 34.8458495, 32.0857854, 0, '82.81.247.185', 31, '2018-11-21 03:37:27'),
	(2093, 19, 34.8458495, 32.0857854, 0, '82.81.247.185', 31, '2018-11-21 03:38:27'),
	(2094, 19, 34.8458495, 32.0857854, 0, '82.81.247.185', 31, '2018-11-21 03:39:27'),
	(2095, 19, 34.8458495, 32.0857854, 0, '82.81.247.185', 31, '2018-11-21 03:40:27'),
	(2096, 19, 34.8458495, 32.0857854, 0, '82.81.247.185', 31, '2018-11-21 03:41:27'),
	(2097, 19, 34.8458495, 32.0857854, 0, '82.81.247.185', 31, '2018-11-21 03:42:27'),
	(2098, 19, 34.8458495, 32.0857854, 0, '82.81.247.185', 31, '2018-11-21 03:43:27'),
	(2099, 19, 34.8458495, 32.0857854, 0, '82.81.247.185', 31, '2018-11-21 03:44:27'),
	(2100, 19, 34.8458495, 32.0857854, 0, '82.81.247.185', 31, '2018-11-21 03:45:27'),
	(2101, 19, 34.8458495, 32.0857854, 0, '82.81.247.185', 31, '2018-11-21 03:46:27'),
	(2102, 19, 34.8458495, 32.0857854, 0, '82.81.247.185', 31, '2018-11-21 03:47:27'),
	(2103, 19, 34.8458495, 32.0857854, 0, '82.81.247.185', 31, '2018-11-21 03:48:27'),
	(2104, 19, 34.8458495, 32.0857854, 0, '82.81.247.185', 31, '2018-11-21 03:49:27'),
	(2105, 19, 34.8458495, 32.0857854, 0, '82.81.247.185', 31, '2018-11-21 03:50:27'),
	(2106, 19, 34.8458495, 32.0857854, 0, '82.81.247.185', 31, '2018-11-21 03:51:27'),
	(2107, 19, 34.8458495, 32.0857854, 0, '82.81.247.185', 31, '2018-11-21 03:52:27'),
	(2108, 19, 34.8458495, 32.0857854, 0, '82.81.247.185', 31, '2018-11-21 03:53:27'),
	(2109, 19, 34.8458495, 32.0857854, 0, '82.81.247.185', 31, '2018-11-21 03:54:27'),
	(2110, 19, 34.8458495, 32.0857854, 0, '82.81.247.185', 31, '2018-11-21 03:55:27'),
	(2111, 19, 34.8458495, 32.0857854, 0, '82.81.247.185', 31, '2018-11-21 03:56:27'),
	(2112, 19, 34.8458495, 32.0857854, 0, '82.81.247.185', 31, '2018-11-21 03:57:27'),
	(2113, 19, 34.8458495, 32.0857854, 0, '82.81.247.185', 31, '2018-11-21 03:58:27'),
	(2114, 19, 34.8458495, 32.0857854, 0, '82.81.247.185', 31, '2018-11-21 03:59:27'),
	(2115, 19, 34.8458293, 32.0807272, 0, '82.81.247.185', 31, '2018-11-21 04:00:27'),
	(2116, 19, 34.8458293, 32.0807272, 0, '82.81.247.185', 31, '2018-11-21 04:01:27'),
	(2117, 19, 34.8458293, 32.0807272, 0, '82.81.247.185', 31, '2018-11-21 04:02:27'),
	(2118, 19, 34.8458293, 32.0807272, 0, '82.81.247.185', 31, '2018-11-21 04:03:27'),
	(2119, 19, 34.8458293, 32.0807272, 0, '82.81.247.185', 31, '2018-11-21 04:04:27'),
	(2120, 19, 34.8458293, 32.0807272, 0, '82.81.247.185', 31, '2018-11-21 04:05:27'),
	(2121, 19, 34.8458293, 32.0807272, 0, '82.81.247.185', 31, '2018-11-21 04:06:27'),
	(2122, 19, 34.8458293, 32.0807272, 0, '82.81.247.185', 31, '2018-11-21 04:07:27'),
	(2123, 19, 34.8458293, 32.0807272, 0, '82.81.247.185', 31, '2018-11-21 04:08:27'),
	(2124, 19, 34.8458293, 32.0807272, 0, '82.81.247.185', 31, '2018-11-21 04:09:27'),
	(2125, 19, 34.8458293, 32.0807272, 0, '82.81.247.185', 31, '2018-11-21 04:10:27'),
	(2126, 19, 34.8458293, 32.0807272, 0, '82.81.247.185', 31, '2018-11-21 04:11:27'),
	(2127, 19, 34.8458293, 32.0807272, 0, '82.81.247.185', 31, '2018-11-21 04:12:27'),
	(2128, 19, 34.8458293, 32.0807272, 0, '82.81.247.185', 31, '2018-11-21 04:13:27'),
	(2129, 19, 34.8458293, 32.0807272, 0, '82.81.247.185', 31, '2018-11-21 04:14:27'),
	(2130, 19, 34.8458293, 32.0807272, 0, '82.81.247.185', 31, '2018-11-21 04:15:27'),
	(2131, 19, 34.8458293, 32.0807272, 0, '82.81.247.185', 31, '2018-11-21 04:16:27'),
	(2132, 19, 34.808335899999996, 32.1041526, 0, '185.163.149.24', 1, '2018-11-21 05:15:29'),
	(2133, 19, 34.8083323, 32.1041276, 0, '185.163.149.24', 1, '2018-11-21 05:17:35'),
	(2134, 19, 34.8083323, 32.1041276, 0, '185.163.149.24', 1, '2018-11-21 05:17:35'),
	(2135, 19, 34.8083277, 32.1041229, 0, '185.163.149.24', 1, '2018-11-21 05:18:29'),
	(2136, 19, 34.8083266, 32.1041216, 0, '185.163.149.24', 1, '2018-11-21 05:19:29'),
	(2137, 19, 34.8120587, 32.1061417, 0, '185.163.149.24', 1, '2018-11-21 05:20:29'),
	(2138, 19, 34.8120587, 32.1061417, 0, '185.163.149.24', 1, '2018-11-21 05:21:29'),
	(2139, 19, 34.810096, 32.106133, 0, '185.163.149.24', 1, '2018-11-21 05:22:29'),
	(2140, 19, 34.810096, 32.106133, 0, '185.163.149.24', 1, '2018-11-21 05:23:29'),
	(2141, 19, 34.810096, 32.106133, 0, '185.163.149.24', 1, '2018-11-21 05:24:29'),
	(2142, 19, 34.8083336, 32.1041235, 0, '185.163.149.24', 1, '2018-11-21 05:25:29'),
	(2143, 19, 34.8083333, 32.1041236, 0, '185.163.149.24', 1, '2018-11-21 05:26:29'),
	(2144, 19, 34.8120587, 32.1061417, 0, '185.163.149.24', 1, '2018-11-21 05:27:29'),
	(2145, 19, 34.8120587, 32.1061417, 0, '185.163.149.24', 1, '2018-11-21 05:28:29'),
	(2146, 19, 34.8120587, 32.1061417, 0, '185.163.149.24', 1, '2018-11-21 05:29:29'),
	(2147, 19, 34.810096, 32.106133, 0, '185.163.149.24', 1, '2018-11-21 05:30:29'),
	(2148, 19, 34.8120587, 32.1061417, 0, '185.163.149.24', 1, '2018-11-21 05:31:29'),
	(2149, 19, 34.810096, 32.106133, 0, '185.163.149.24', 1, '2018-11-21 05:32:29'),
	(2150, 19, 34.8120587, 32.1061417, 0, '185.163.149.24', 1, '2018-11-21 05:33:29'),
	(2151, 19, 34.8120587, 32.1061417, 0, '185.163.149.24', 1, '2018-11-21 05:34:29'),
	(2152, 19, 34.810096, 32.106133, 0, '185.163.149.24', 1, '2018-11-21 05:35:29'),
	(2153, 19, 34.810096, 32.106133, 0, '185.163.149.24', 1, '2018-11-21 05:36:29'),
	(2154, 19, 34.810096, 32.106133, 0, '185.163.149.24', 1, '2018-11-21 05:37:29'),
	(2155, 19, 34.8120587, 32.1061417, 0, '185.163.149.24', 1, '2018-11-21 05:38:29'),
	(2156, 19, 34.8120587, 32.1061417, 0, '185.163.149.24', 1, '2018-11-21 05:39:29'),
	(2157, 19, 34.8120587, 32.1061417, 0, '185.163.149.24', 1, '2018-11-21 05:40:29'),
	(2158, 19, 34.8120587, 32.1061417, 0, '185.163.149.24', 1, '2018-11-21 05:42:38'),
	(2159, 19, 34.8120587, 32.1061417, 0, '185.163.149.24', 1, '2018-11-21 05:43:38'),
	(2160, 19, 34.8120587, 32.1061417, 0, '185.163.149.24', 1, '2018-11-21 05:44:38'),
	(2161, 19, 34.810096, 32.106133, 0, '185.163.149.24', 1, '2018-11-21 05:45:38'),
	(2162, 19, 34.810096, 32.106133, 0, '185.163.149.24', 1, '2018-11-21 05:46:38'),
	(2163, 19, 34.8120587, 32.1061417, 0, '185.163.149.24', 1, '2018-11-21 05:47:38'),
	(2164, 19, 34.8120587, 32.1061417, 0, '185.163.149.24', 1, '2018-11-21 05:48:38'),
	(2165, 19, 34.8120587, 32.1061417, 0, '185.163.149.24', 1, '2018-11-21 05:49:38'),
	(2166, 19, 34.8120587, 32.1061417, 0, '185.163.149.24', 1, '2018-11-21 05:50:38'),
	(2167, 19, 34.8120587, 32.1061417, 0, '185.163.149.24', 1, '2018-11-21 05:51:38'),
	(2168, 19, 34.8120587, 32.1061417, 0, '185.163.149.24', 1, '2018-11-21 05:52:38'),
	(2169, 19, 34.8120587, 32.1061417, 0, '185.163.149.24', 1, '2018-11-21 05:53:38'),
	(2170, 19, 34.8120587, 32.1061417, 0, '185.163.149.24', 1, '2018-11-21 05:54:38'),
	(2171, 19, 34.8120587, 32.1061417, 0, '185.163.149.24', 1, '2018-11-21 05:55:38'),
	(5473, 19, 53.2207012, 56.833501, 0, '81.4.205.112', 1, '2018-12-18 12:48:37'),
	(5474, 20, 53.2207255, 56.8335106, 0, '81.4.205.112', 1, '2018-12-18 13:16:05'),
	(5475, 20, 53.2207261, 56.8335404, 0, '81.4.205.112', 1, '2018-12-18 13:17:05'),
	(5476, 20, 53.2207261, 56.8335404, 0, '81.4.205.112', 1, '2018-12-18 13:18:05'),
	(5477, 20, 53.220946299999994, 56.833526799999994, 0, '81.4.205.112', 1, '2018-12-18 13:32:13'),
	(5478, 20, 53.220946299999994, 56.833526799999994, 0, '81.4.205.112', 1, '2018-12-18 13:32:13'),
	(5479, 20, 53.220946299999994, 56.833526799999994, 0, '81.4.205.112', 1, '2018-12-18 13:32:14'),
	(5480, 20, 53.220946299999994, 56.833526799999994, 0, '81.4.205.112', 1, '2018-12-18 13:32:14'),
	(5481, 20, 53.220946299999994, 56.833526799999994, 0, '81.4.205.112', 1, '2018-12-18 13:32:14'),
	(5482, 20, 53.220946299999994, 56.833526799999994, 0, '81.4.205.112', 1, '2018-12-18 13:32:14'),
	(5483, 20, 53.220946299999994, 56.833526799999994, 0, '81.4.205.112', 1, '2018-12-18 13:32:14'),
	(5484, 20, 53.220946299999994, 56.833526799999994, 0, '81.4.205.112', 1, '2018-12-18 13:32:14'),
	(5485, 20, 53.220946299999994, 56.833526799999994, 0, '81.4.205.112', 1, '2018-12-18 13:32:14'),
	(5486, 20, 53.220946299999994, 56.833526799999994, 0, '81.4.205.112', 1, '2018-12-18 13:32:14'),
	(5487, 20, 53.220946299999994, 56.833526799999994, 0, '81.4.205.112', 1, '2018-12-18 13:32:14'),
	(5488, 20, 53.220946299999994, 56.833526799999994, 0, '81.4.205.112', 1, '2018-12-18 13:32:14'),
	(5489, 20, 53.220946299999994, 56.833526799999994, 0, '81.4.205.112', 1, '2018-12-18 13:32:14'),
	(5490, 20, 53.220946299999994, 56.833526799999994, 0, '81.4.205.112', 1, '2018-12-18 13:32:14'),
	(5491, 20, 53.2209363, 56.8335388, 0, '81.4.205.112', 1, '2018-12-18 13:33:05'),
	(5492, 20, 53.2209363, 56.8335388, 0, '81.4.205.112', 1, '2018-12-18 13:34:05'),
	(5493, 20, 53.2209918, 56.8334742, 0, '81.4.205.112', 1, '2018-12-18 13:35:05'),
	(5494, 23, 34.8458458, 32.0807179, 62.70000076293945, '82.81.247.185', 31, '2018-12-18 13:43:01'),
	(5495, 22, 34.8458249, 32.0807333, 0, '82.81.247.185', 31, '2018-12-18 14:52:35'),
	(5496, 22, 34.8458249, 32.0807333, 0, '82.81.247.185', 31, '2018-12-18 14:53:40'),
	(5497, 22, 34.8458249, 32.0807333, 0, '82.81.247.185', 31, '2018-12-18 14:56:32'),
	(5498, 22, 34.8458249, 32.0807333, 0, '82.81.247.185', 31, '2018-12-18 14:56:32'),
	(5499, 22, 34.8458249, 32.0807333, 0, '82.81.247.185', 31, '2018-12-18 15:04:53'),
	(5500, 22, 34.8458249, 32.0807333, 0, '82.81.247.185', 31, '2018-12-18 15:04:53'),
	(5501, 22, 34.8458249, 32.0807333, 0, '82.81.247.185', 31, '2018-12-18 15:04:54'),
	(5502, 22, 34.8458249, 32.0807333, 0, '82.81.247.185', 31, '2018-12-18 15:04:54'),
	(5503, 22, 34.8458249, 32.0807333, 0, '82.81.247.185', 31, '2018-12-18 15:04:54'),
	(5504, 22, 34.8458249, 32.0807333, 0, '82.81.247.185', 31, '2018-12-18 15:04:54'),
	(5505, 22, 34.8458249, 32.0807333, 0, '82.81.247.185', 31, '2018-12-18 15:04:54'),
	(5506, 22, 34.8458249, 32.0807333, 0, '82.81.247.185', 31, '2018-12-18 15:04:54'),
	(5507, 22, 34.8458249, 32.0807333, 0, '82.81.247.185', 31, '2018-12-18 15:04:54'),
	(5508, 19, 34.8458246, 32.080739099999995, 0, '82.81.247.185', 31, '2018-12-19 06:42:02'),
	(5509, 19, 34.8458246, 32.080739099999995, 0, '82.81.247.185', 31, '2018-12-19 06:43:01'),
	(5510, 19, 34.8458246, 32.080739099999995, 0, '82.81.247.185', 31, '2018-12-19 08:11:35'),
	(5511, 19, 34.8458246, 32.080739099999995, 0, '82.81.247.185', 31, '2018-12-19 08:12:28'),
	(5512, 19, 34.8458246, 32.080739099999995, 0, '82.81.247.185', 31, '2018-12-19 08:15:43'),
	(5513, 19, 34.8458246, 32.080739099999995, 0, '82.81.247.185', 31, '2018-12-19 08:15:43'),
	(5514, 19, 34.8458246, 32.080739099999995, 0, '82.81.247.185', 31, '2018-12-19 08:15:43'),
	(5515, 19, 34.8458246, 32.080739099999995, 0, '82.81.247.185', 31, '2018-12-19 08:16:28'),
	(5516, 19, 34.8458246, 32.080739099999995, 0, '82.81.247.185', 31, '2018-12-19 08:17:28'),
	(5517, 19, 53.220703699999994, 56.8334943, 0, '81.4.205.112', 1, '2018-12-19 08:34:25'),
	(5518, 19, 53.2207106, 56.8334726, 0, '81.4.205.112', 1, '2018-12-19 08:35:24'),
	(5519, 22, 34.84516680000001, 32.0806849, 0, '82.81.247.185', 31, '2018-12-23 08:15:52'),
	(5520, 22, 34.84516680000001, 32.0806849, 0, '82.81.247.185', 31, '2018-12-23 08:16:52'),
	(5521, 22, 34.84516680000001, 32.0806849, 0, '82.81.247.185', 31, '2018-12-23 08:17:52'),
	(5522, 22, 34.84516680000001, 32.0806849, 0, '82.81.247.185', 31, '2018-12-23 08:18:52'),
	(5523, 22, 34.84516680000001, 32.0806849, 0, '82.81.247.185', 31, '2018-12-23 08:19:52'),
	(5524, 19, 34.84516680000001, 32.0806849, 0, '82.81.247.185', 31, '2018-12-23 08:22:52'),
	(5525, 19, 34.84516680000001, 32.0806849, 0, '82.81.247.185', 31, '2018-12-23 08:23:52'),
	(5526, 19, 34.84516680000001, 32.0806849, 0, '82.81.247.185', 31, '2018-12-23 08:32:26'),
	(5527, 19, 34.84516680000001, 32.0806849, 0, '82.81.247.185', 31, '2018-12-23 08:32:26'),
	(5528, 19, 34.84516680000001, 32.0806849, 0, '82.81.247.185', 31, '2018-12-23 08:32:26'),
	(5529, 19, 34.84516680000001, 32.0806849, 0, '82.81.247.185', 31, '2018-12-23 08:32:26'),
	(5530, 19, 34.84516680000001, 32.0806849, 0, '82.81.247.185', 31, '2018-12-23 08:32:26'),
	(5531, 19, 34.84516680000001, 32.0806849, 0, '82.81.247.185', 31, '2018-12-23 08:32:26'),
	(5532, 19, 34.84516680000001, 32.0806849, 0, '82.81.247.185', 31, '2018-12-23 08:32:26'),
	(5533, 19, 34.84516680000001, 32.0806849, 0, '82.81.247.185', 31, '2018-12-23 08:32:26'),
	(5534, 19, 34.84516680000001, 32.0806849, 0, '82.81.247.185', 31, '2018-12-23 08:32:52'),
	(5535, 19, 34.84516680000001, 32.0806849, 0, '82.81.247.185', 31, '2018-12-23 08:33:52'),
	(5536, 19, 34.84516680000001, 32.0806849, 0, '82.81.247.185', 31, '2018-12-23 08:34:52'),
	(5537, 19, 34.84516680000001, 32.0806849, 0, '82.81.247.185', 31, '2018-12-23 08:35:52'),
	(5538, 19, 34.84516680000001, 32.0806849, 0, '82.81.247.185', 31, '2018-12-23 08:36:52'),
	(5539, 19, 34.84516680000001, 32.0806849, 0, '82.81.247.185', 31, '2018-12-23 08:37:52'),
	(5540, 19, 34.84516680000001, 32.0806849, 0, '82.81.247.185', 31, '2018-12-23 08:38:52'),
	(5541, 19, 34.84516680000001, 32.0806849, 0, '82.81.247.185', 31, '2018-12-23 08:39:52'),
	(5542, 19, 34.84516680000001, 32.0806849, 0, '82.81.247.185', 31, '2018-12-23 08:40:52'),
	(5543, 19, 34.84516680000001, 32.0806849, 0, '82.81.247.185', 31, '2018-12-23 08:41:52'),
	(5544, 19, 34.84516680000001, 32.0806849, 0, '82.81.247.185', 31, '2018-12-23 08:42:52'),
	(5545, 19, 34.84516680000001, 32.0806849, 0, '82.81.247.185', 31, '2018-12-23 08:43:52'),
	(5546, 19, 34.84516680000001, 32.0806849, 0, '82.81.247.185', 31, '2018-12-23 08:44:52'),
	(5547, 19, 34.84516680000001, 32.0806849, 0, '82.81.247.185', 31, '2018-12-23 08:45:52'),
	(5548, 19, 34.84516680000001, 32.0806849, 0, '82.81.247.185', 31, '2018-12-23 08:46:52'),
	(5549, 19, 34.84516680000001, 32.0806849, 0, '82.81.247.185', 31, '2018-12-23 08:47:52'),
	(5550, 19, 34.84516680000001, 32.0806849, 0, '82.81.247.185', 31, '2018-12-23 08:48:52'),
	(5551, 19, 34.84516680000001, 32.0806849, 0, '82.81.247.185', 31, '2018-12-23 08:49:52'),
	(5552, 19, 34.84516680000001, 32.0806849, 0, '82.81.247.185', 31, '2018-12-23 08:50:52'),
	(5553, 19, 34.84516680000001, 32.0806849, 0, '82.81.247.185', 31, '2018-12-23 08:51:52'),
	(5554, 19, 34.84516680000001, 32.0806849, 0, '82.81.247.185', 31, '2018-12-23 08:52:52'),
	(5555, 19, 34.84516680000001, 32.0806849, 0, '82.81.247.185', 31, '2018-12-23 08:53:52'),
	(5556, 19, 34.84516680000001, 32.0806849, 0, '82.81.247.185', 31, '2018-12-23 08:54:52'),
	(5557, 19, 34.84516680000001, 32.0806849, 0, '82.81.247.185', 31, '2018-12-23 08:55:52'),
	(5558, 19, 34.84516680000001, 32.0806849, 0, '82.81.247.185', 31, '2018-12-23 08:56:52'),
	(5559, 19, 34.84516680000001, 32.0806849, 0, '82.81.247.185', 31, '2018-12-23 08:57:52'),
	(5560, 19, 34.8458495, 32.0758173, 0, '82.81.247.185', 31, '2018-12-23 08:59:57'),
	(5561, 19, 34.8458495, 32.0758173, 0, '82.81.247.185', 31, '2018-12-23 09:00:52'),
	(5562, 19, 34.8458495, 32.0758173, 0, '82.81.247.185', 31, '2018-12-23 09:01:52'),
	(5563, 19, 34.8458495, 32.0758173, 0, '82.81.247.185', 31, '2018-12-23 09:02:52'),
	(5564, 19, 34.8458495, 32.0758173, 0, '82.81.247.185', 31, '2018-12-23 09:03:52'),
	(5565, 19, 34.8458495, 32.0758173, 0, '82.81.247.185', 31, '2018-12-23 09:04:52'),
	(5566, 19, 34.8458495, 32.0758173, 0, '82.81.247.185', 31, '2018-12-23 09:05:52'),
	(5567, 19, 34.8458495, 32.0758173, 0, '82.81.247.185', 31, '2018-12-23 09:06:52'),
	(5568, 19, 34.8458495, 32.0758173, 0, '82.81.247.185', 31, '2018-12-23 09:07:52'),
	(5569, 19, 34.8452128, 32.0806919, 0, '82.81.247.185', 31, '2018-12-23 14:40:55'),
	(5570, 19, 34.8452128, 32.0806919, 0, '82.81.247.185', 31, '2018-12-23 14:41:11'),
	(5571, 19, 34.8452128, 32.0806919, 0, '82.81.247.185', 31, '2018-12-23 14:42:11'),
	(5572, 19, 34.8452128, 32.0806919, 0, '82.81.247.185', 31, '2018-12-23 14:43:25'),
	(5573, 19, 34.7909948, 32.070063, 36.70000076293945, '2.53.63.23', 1, '2019-01-08 10:14:13'),
	(5574, 19, 34.7909894, 32.0700751, 36.70000076293945, '2.53.63.23', 1, '2019-01-08 10:15:28'),
	(5575, 19, 34.7909894, 32.0700751, 36.70000076293945, '2.53.63.23', 1, '2019-01-08 10:16:28'),
	(5576, 19, 34.7909894, 32.0700751, 36.70000076293945, '2.53.63.23', 1, '2019-01-08 10:17:28'),
	(5577, 19, 34.7909894, 32.0700751, 36.70000076293945, '2.53.63.23', 1, '2019-01-08 10:18:28'),
	(5578, 19, 34.7909894, 32.0700751, 36.70000076293945, '2.53.63.23', 1, '2019-01-08 10:19:28'),
	(5579, 19, 34.79105, 32.0700741, 36.70000076293945, '2.53.63.23', 1, '2019-01-08 10:20:28'),
	(5580, 19, 34.79105, 32.0700741, 36.70000076293945, '2.53.63.23', 1, '2019-01-08 10:21:28'),
	(5581, 19, 34.79105, 32.0700741, 36.70000076293945, '2.53.63.23', 1, '2019-01-08 10:22:28'),
	(5582, 19, 34.79105, 32.0700741, 36.70000076293945, '2.53.63.23', 1, '2019-01-08 10:23:28'),
	(5583, 19, 34.79105, 32.0700741, 36.70000076293945, '2.53.63.23', 1, '2019-01-08 10:24:28'),
	(5584, 19, 34.7910124, 32.0700727, 36.70000076293945, '2.53.63.23', 1, '2019-01-08 10:25:28'),
	(5585, 19, 34.7910124, 32.0700727, 36.70000076293945, '2.53.63.23', 1, '2019-01-08 10:26:28'),
	(5586, 19, 34.7910124, 32.0700727, 36.70000076293945, '2.53.63.23', 1, '2019-01-08 10:27:28'),
	(5587, 19, 34.7910124, 32.0700727, 36.70000076293945, '2.53.63.23', 1, '2019-01-08 10:28:28'),
	(5588, 19, 34.7910124, 32.0700727, 36.70000076293945, '2.53.63.23', 1, '2019-01-08 10:29:28'),
	(5589, 19, 34.7909985, 32.0700697, 36.70000076293945, '2.53.63.23', 1, '2019-01-08 10:30:28'),
	(5590, 19, 34.7909985, 32.0700697, 36.70000076293945, '2.53.63.23', 1, '2019-01-08 10:31:28'),
	(5591, 19, 34.7909985, 32.0700697, 36.70000076293945, '2.53.63.23', 1, '2019-01-08 10:32:28'),
	(5592, 19, 34.7909985, 32.0700697, 36.70000076293945, '2.53.63.23', 1, '2019-01-08 10:33:28'),
	(5593, 19, 34.7909985, 32.0700697, 36.70000076293945, '2.53.63.23', 1, '2019-01-08 10:34:28'),
	(5594, 19, 34.7910148, 32.0700826, 36.70000076293945, '2.53.63.23', 1, '2019-01-08 10:35:28'),
	(5595, 19, 34.7910148, 32.0700826, 36.70000076293945, '2.53.63.23', 1, '2019-01-08 10:36:28'),
	(5596, 19, 34.7910908, 32.0700205, 36.70000076293945, '2.53.63.23', 1, '2019-01-08 10:41:27'),
	(5597, 19, 34.7910029, 32.0700864, 36.70000076293945, '2.53.63.23', 1, '2019-01-08 10:42:25'),
	(5598, 19, 34.7910029, 32.0700864, 36.70000076293945, '2.53.63.23', 1, '2019-01-08 10:43:23'),
	(5599, 19, 34.7910029, 32.0700864, 36.70000076293945, '2.53.63.23', 1, '2019-01-08 10:44:23'),
	(5600, 19, 34.7910029, 32.0700864, 36.70000076293945, '2.53.63.23', 1, '2019-01-08 10:45:23'),
	(5601, 19, 34.7910029, 32.0700864, 36.70000076293945, '2.53.63.23', 1, '2019-01-08 10:46:23'),
	(5602, 19, 34.7910029, 32.0700864, 36.70000076293945, '2.53.63.23', 1, '2019-01-08 10:47:23'),
	(5603, 19, 34.7909954, 32.0700808, 36.70000076293945, '2.53.63.23', 1, '2019-01-08 10:48:23'),
	(5604, 19, 34.7909954, 32.0700808, 36.70000076293945, '2.53.63.23', 1, '2019-01-08 10:49:23'),
	(5605, 19, 34.7909954, 32.0700808, 36.70000076293945, '2.53.63.23', 1, '2019-01-08 10:50:23'),
	(5606, 19, 34.7909954, 32.0700808, 36.70000076293945, '2.53.63.23', 1, '2019-01-08 10:51:23'),
	(5607, 19, 34.7909954, 32.0700808, 36.70000076293945, '2.53.63.23', 1, '2019-01-08 10:52:23'),
	(5608, 19, 34.7909947, 32.0700673, 36.70000076293945, '2.53.63.23', 1, '2019-01-08 10:53:23'),
	(5609, 19, 53.220802799999994, 56.833592499999995, 0, '81.4.205.112', 1, '2019-01-14 11:55:01'),
	(5610, 19, 53.2210367, 56.833565099999994, 0, '81.4.205.112', 1, '2019-01-14 11:58:33'),
	(5611, 19, 53.2210367, 56.833565099999994, 0, '81.4.205.112', 1, '2019-01-14 11:58:33'),
	(5612, 19, 53.2210367, 56.833565099999994, 0, '81.4.205.112', 1, '2019-01-14 11:58:33'),
	(5613, 19, 53.221037499999994, 56.833548199999996, 0, '81.4.205.112', 1, '2019-01-14 11:59:01'),
	(5614, 19, 53.221045999999994, 56.833549000000005, 0, '81.4.205.112', 1, '2019-01-14 12:01:10'),
	(5615, 19, 53.221045999999994, 56.833549000000005, 0, '81.4.205.112', 1, '2019-01-14 12:01:10'),
	(5616, 19, 53.2209757, 56.8334407, 0, '81.4.241.195', 1, '2019-02-01 11:30:24'),
	(5617, 23, 34.8458595, 32.0806897, 66.9000015258789, '2.52.75.107', 31, '2019-03-11 08:03:45'),
	(5618, 23, 34.8458595, 32.0806897, 66.9000015258789, '2.52.75.107', 31, '2019-03-11 08:04:44'),
	(5619, 23, 34.8458595, 32.0806897, 66.9000015258789, '2.52.75.107', 31, '2019-03-11 08:05:44'),
	(5620, 23, 34.8458595, 32.0806897, 66.9000015258789, '2.52.75.107', 31, '2019-03-11 08:06:44'),
	(5621, 23, 34.8458595, 32.0806897, 66.9000015258789, '2.52.75.107', 31, '2019-03-11 08:07:44'),
	(5622, 23, 34.845874, 32.0806677, 66.9000015258789, '2.52.75.107', 31, '2019-03-11 08:08:44'),
	(5623, 23, 34.845874, 32.0806677, 66.9000015258789, '2.52.75.107', 31, '2019-03-11 08:09:44'),
	(5624, 19, 34.8460731, 32.0804517, 0, '82.81.247.185', 31, '2019-03-11 08:26:59'),
	(5625, 19, 34.8460731, 32.0804517, 0, '82.81.247.185', 31, '2019-03-11 08:27:59'),
	(5626, 19, 34.8460731, 32.0804517, 0, '82.81.247.185', 31, '2019-03-11 08:28:59'),
	(5627, 19, 34.8460731, 32.0804517, 0, '82.81.247.185', 31, '2019-03-11 08:29:59'),
	(5628, 19, 34.8450098, 32.0808523, 0, '82.81.247.185', 31, '2019-03-11 08:31:00');
/*!40000 ALTER TABLE `occupancystatistic` ENABLE KEYS */;

-- Dumping structure for table ecologi.offices
CREATE TABLE IF NOT EXISTS `offices` (
  `OfficeId` int(11) NOT NULL AUTO_INCREMENT,
  `TreeId` int(11) NOT NULL,
  `OfficeName` varchar(256) NOT NULL,
  `ImageURL` text NOT NULL,
  `Address` varchar(200) NOT NULL,
  `Width` int(11) NOT NULL,
  `Height` int(11) NOT NULL,
  PRIMARY KEY (`OfficeId`),
  KEY `FK_Offices_TreeId_idx` (`TreeId`),
  CONSTRAINT `FK_Offices_TreeId` FOREIGN KEY (`TreeId`) REFERENCES `tree` (`treeid`)
) ENGINE=InnoDB AUTO_INCREMENT=8 DEFAULT CHARSET=utf8;

-- Dumping data for table ecologi.offices: ~7 rows (approximately)
/*!40000 ALTER TABLE `offices` DISABLE KEYS */;
INSERT INTO `offices` (`OfficeId`, `TreeId`, `OfficeName`, `ImageURL`, `Address`, `Width`, `Height`) VALUES
	(1, 3, '21B', '/assets/image/scheme.gif', 'Pensilavany 65000', 650, 360),
	(2, 3, '21C', '/assets/image/scheme.gif', 'Pensilavany 65000', 650, 360),
	(3, 3, '22A', '/assets/image/scheme.gif', 'Pensilavany 65000', 650, 360),
	(4, 3, '25', '/assets/image/scheme.gif', 'Pensilavany 65000', 650, 360),
	(5, 4, 'Powerball floor 4', '/assets/image/floor3.gif', 'Poleg', 948, 895),
	(6, 5, 'Ivria', '/assets/image/ivria.gif', 'Gush Etzion', 1183, 642),
	(7, 6, 'Nanotech Lab', '/assets/image/nano lab.png', 'Bar Ilan Uni', 875, 952);
/*!40000 ALTER TABLE `offices` ENABLE KEYS */;

-- Dumping structure for table ecologi.openiddictapplications
CREATE TABLE IF NOT EXISTS `openiddictapplications` (
  `ClientId` varchar(255) NOT NULL,
  `ClientSecret` longtext DEFAULT NULL,
  `ConcurrencyToken` longtext DEFAULT NULL,
  `ConsentType` longtext DEFAULT NULL,
  `DisplayName` longtext DEFAULT NULL,
  `Id` varchar(255) NOT NULL,
  `Permissions` longtext DEFAULT NULL,
  `PostLogoutRedirectUris` longtext DEFAULT NULL,
  `Properties` longtext DEFAULT NULL,
  `RedirectUris` longtext DEFAULT NULL,
  `Type` longtext NOT NULL,
  PRIMARY KEY (`Id`),
  UNIQUE KEY `IX_OpenIddictApplications_ClientId` (`ClientId`)
) ENGINE=InnoDB DEFAULT CHARSET=utf8;

-- Dumping data for table ecologi.openiddictapplications: ~0 rows (approximately)
/*!40000 ALTER TABLE `openiddictapplications` DISABLE KEYS */;
INSERT INTO `openiddictapplications` (`ClientId`, `ClientSecret`, `ConcurrencyToken`, `ConsentType`, `DisplayName`, `Id`, `Permissions`, `PostLogoutRedirectUris`, `Properties`, `RedirectUris`, `Type`) VALUES
	('angularClient', 'AQAAAAEAACcQAAAAECOq/UQQQnWBIZEO7yRICg0NWSC4by2d5s8mzwI5ZpkKEFvLurgpt6tgypEVVmDM/Q==', '2d5381c1-7e45-418a-b63f-ce5d60c2192d', NULL, 'Angular client application', 'e9af218d-a505-482d-9e80-dda800a7f02a', '["ept:logout","ept:token","gt:password","gt:refresh_token","scp:openid","scp:profile","scp:offline_access","scp:roles"]', '["/login"]', NULL, '["/"]', 'confidential');
/*!40000 ALTER TABLE `openiddictapplications` ENABLE KEYS */;

-- Dumping structure for table ecologi.openiddictauthorizations
CREATE TABLE IF NOT EXISTS `openiddictauthorizations` (
  `ApplicationId` varchar(255) DEFAULT NULL,
  `ConcurrencyToken` longtext DEFAULT NULL,
  `Id` varchar(255) NOT NULL,
  `Properties` longtext DEFAULT NULL,
  `Scopes` longtext DEFAULT NULL,
  `Status` longtext NOT NULL,
  `Subject` longtext NOT NULL,
  `Type` longtext NOT NULL,
  PRIMARY KEY (`Id`),
  KEY `IX_OpenIddictAuthorizations_ApplicationId` (`ApplicationId`),
  CONSTRAINT `FK_OpenIddictAuthorizations_OpenIddictApplications_ApplicationId` FOREIGN KEY (`ApplicationId`) REFERENCES `openiddictapplications` (`Id`)
) ENGINE=InnoDB DEFAULT CHARSET=utf8;

-- Dumping data for table ecologi.openiddictauthorizations: ~17 rows (approximately)
/*!40000 ALTER TABLE `openiddictauthorizations` DISABLE KEYS */;
INSERT INTO `openiddictauthorizations` (`ApplicationId`, `ConcurrencyToken`, `Id`, `Properties`, `Scopes`, `Status`, `Subject`, `Type`) VALUES
	('e9af218d-a505-482d-9e80-dda800a7f02a', 'b9add152-9e79-4150-8d2b-1621eff3bee7', '03ab1e4e-4445-4b14-b72b-e9681ea358af', NULL, '["openid","profile","offline_access","roles"]', 'valid', '19', 'ad-hoc'),
	('e9af218d-a505-482d-9e80-dda800a7f02a', 'fee39c56-76fe-4ea2-8be3-d1ce2511d0b3', '05fc7c94-3416-49a4-89c0-b7dc2a8f74e0', NULL, '["openid","profile","offline_access","roles"]', 'valid', '19', 'ad-hoc'),
	('e9af218d-a505-482d-9e80-dda800a7f02a', '6e6b923b-96c3-4881-9514-e48b4e8beab9', '172bf3bf-e689-449e-91ef-7fcfe01cef56', NULL, '["openid","profile","offline_access","roles"]', 'valid', '19', 'ad-hoc'),
	('e9af218d-a505-482d-9e80-dda800a7f02a', '97f38c16-6650-4442-8294-5e8b1c521ea1', '183b0abb-0844-4325-8a59-8590122f5e98', NULL, '["openid","profile","offline_access","roles"]', 'valid', '19', 'ad-hoc'),
	('e9af218d-a505-482d-9e80-dda800a7f02a', 'ba2e7fac-a579-4223-a03a-843b1ce2303d', '2d59d5e7-7b3b-428e-9920-2ed2fea08929', NULL, '["openid","profile","offline_access","roles"]', 'valid', '19', 'ad-hoc'),
	('e9af218d-a505-482d-9e80-dda800a7f02a', '475ab42b-fd4a-4261-9012-ef9167fa0d1a', '3d115362-6c46-49e6-a0b3-332fc85e3114', NULL, '["openid","profile","offline_access","roles"]', 'valid', '19', 'ad-hoc'),
	('e9af218d-a505-482d-9e80-dda800a7f02a', '3337aaf5-f800-441a-9c9f-6ce6dfbb4f29', '49019088-b1f6-49f4-b811-0c31cef5cd59', NULL, '["openid","profile","offline_access","roles"]', 'valid', '19', 'ad-hoc'),
	('e9af218d-a505-482d-9e80-dda800a7f02a', '20cbc3ce-dcbc-46bf-8508-4a8b6b430892', '4a6a52b4-cf2d-417a-a676-e87327beaa58', NULL, '["openid","profile","offline_access","roles"]', 'valid', '19', 'ad-hoc'),
	('e9af218d-a505-482d-9e80-dda800a7f02a', 'a0b1fe69-b983-49a8-92cd-21e4a4fd9735', '6624328e-f4d9-4826-aa34-8ad5af02a7d5', NULL, '["openid","profile","offline_access","roles"]', 'valid', '19', 'ad-hoc'),
	('e9af218d-a505-482d-9e80-dda800a7f02a', 'ea766d9d-7787-4c9e-a6d7-5725486df722', '71796b38-3ff9-4186-aab4-88e702a61911', NULL, '["openid","profile","offline_access","roles"]', 'valid', '19', 'ad-hoc'),
	('e9af218d-a505-482d-9e80-dda800a7f02a', 'bdb1e5df-6677-4272-9e9b-f1a1a92bf243', '81099376-e30f-4c4c-8f26-a8a50e9e2a0b', NULL, '["openid","profile","offline_access","roles"]', 'valid', '19', 'ad-hoc'),
	('e9af218d-a505-482d-9e80-dda800a7f02a', 'c8d9d796-a0fd-486a-b138-6df39c148ddb', 'ac3a6c2c-f704-4ef2-9926-fab9757deba3', NULL, '["openid","profile","offline_access","roles"]', 'valid', '23', 'ad-hoc'),
	('e9af218d-a505-482d-9e80-dda800a7f02a', '3f4c516b-072c-4756-a295-37ba3ce415c6', 'b4aabbe4-a9bb-4794-ab6e-86b91ac8de8b', NULL, '["openid","profile","offline_access","roles"]', 'valid', '23', 'ad-hoc'),
	('e9af218d-a505-482d-9e80-dda800a7f02a', '4a90d9c7-1b6d-444b-b31a-b1dc113f46f2', 'bfa04694-5fc4-4653-8cd5-684a704ba459', NULL, '["openid","profile","offline_access","roles"]', 'valid', '19', 'ad-hoc'),
	('e9af218d-a505-482d-9e80-dda800a7f02a', '493acd5b-1683-4a29-86d5-f25ca19d7a37', 'd91f2bc9-59e5-4a9a-be51-b8ff823990c1', NULL, '["openid","profile","offline_access","roles"]', 'valid', '20', 'ad-hoc'),
	('e9af218d-a505-482d-9e80-dda800a7f02a', '436a374a-1e9a-43ad-933b-d42b79de67ec', 'f0f6b150-24e5-4300-b502-2eac2df93909', NULL, '["openid","profile","offline_access","roles"]', 'valid', '22', 'ad-hoc'),
	('e9af218d-a505-482d-9e80-dda800a7f02a', '86173007-50cc-4618-99fa-3635af198711', 'f110a232-c088-4edd-9964-54ffb282797c', NULL, '["openid","profile","offline_access","roles"]', 'valid', '19', 'ad-hoc'),
	('e9af218d-a505-482d-9e80-dda800a7f02a', '5e9800c0-1fd0-40f5-ae75-c275527df486', 'f2761a02-3ef6-44be-9297-a4043896532d', NULL, '["openid","profile","offline_access","roles"]', 'valid', '22', 'ad-hoc'),
	('e9af218d-a505-482d-9e80-dda800a7f02a', '2dfa3b71-81a3-4650-be85-2fcbcd2ac9ae', 'f47d31ef-fac1-4bc4-80cc-ce8e8113a180', NULL, '["openid","profile","offline_access","roles"]', 'valid', '19', 'ad-hoc');
/*!40000 ALTER TABLE `openiddictauthorizations` ENABLE KEYS */;

-- Dumping structure for table ecologi.openiddictscopes
CREATE TABLE IF NOT EXISTS `openiddictscopes` (
  `ConcurrencyToken` longtext DEFAULT NULL,
  `Description` longtext DEFAULT NULL,
  `DisplayName` longtext DEFAULT NULL,
  `Id` varchar(255) NOT NULL,
  `Name` varchar(255) NOT NULL,
  `Properties` longtext DEFAULT NULL,
  `Resources` longtext DEFAULT NULL,
  PRIMARY KEY (`Id`),
  UNIQUE KEY `IX_OpenIddictScopes_Name` (`Name`)
) ENGINE=InnoDB DEFAULT CHARSET=utf8;

-- Dumping data for table ecologi.openiddictscopes: ~0 rows (approximately)
/*!40000 ALTER TABLE `openiddictscopes` DISABLE KEYS */;
/*!40000 ALTER TABLE `openiddictscopes` ENABLE KEYS */;

-- Dumping structure for table ecologi.openiddicttokens
CREATE TABLE IF NOT EXISTS `openiddicttokens` (
  `ApplicationId` varchar(255) DEFAULT NULL,
  `AuthorizationId` varchar(255) DEFAULT NULL,
  `CreationDate` datetime(6) DEFAULT NULL,
  `ExpirationDate` datetime(6) DEFAULT NULL,
  `ConcurrencyToken` longtext DEFAULT NULL,
  `Id` varchar(255) NOT NULL,
  `Payload` longtext DEFAULT NULL,
  `Properties` longtext DEFAULT NULL,
  `ReferenceId` varchar(255) DEFAULT NULL,
  `Status` longtext DEFAULT NULL,
  `Subject` longtext NOT NULL,
  `Type` longtext NOT NULL,
  PRIMARY KEY (`Id`),
  UNIQUE KEY `IX_OpenIddictTokens_ReferenceId` (`ReferenceId`),
  KEY `IX_OpenIddictTokens_ApplicationId` (`ApplicationId`),
  KEY `IX_OpenIddictTokens_AuthorizationId` (`AuthorizationId`),
  CONSTRAINT `FK_OpenIddictTokens_OpenIddictApplications_ApplicationId` FOREIGN KEY (`ApplicationId`) REFERENCES `openiddictapplications` (`Id`),
  CONSTRAINT `FK_OpenIddictTokens_OpenIddictAuthorizations_AuthorizationId` FOREIGN KEY (`AuthorizationId`) REFERENCES `openiddictauthorizations` (`Id`)
) ENGINE=InnoDB DEFAULT CHARSET=utf8;

-- Dumping data for table ecologi.openiddicttokens: ~17 rows (approximately)
/*!40000 ALTER TABLE `openiddicttokens` DISABLE KEYS */;
INSERT INTO `openiddicttokens` (`ApplicationId`, `AuthorizationId`, `CreationDate`, `ExpirationDate`, `ConcurrencyToken`, `Id`, `Payload`, `Properties`, `ReferenceId`, `Status`, `Subject`, `Type`) VALUES
	('e9af218d-a505-482d-9e80-dda800a7f02a', '4a6a52b4-cf2d-417a-a676-e87327beaa58', '2019-03-11 08:26:17.000000', '2019-03-18 08:26:17.000000', '015ff37d-1fa9-4f18-8196-03e233efc528', '054b0676-27e0-4087-a126-9d7e73a56a15', NULL, NULL, NULL, 'valid', '19', 'refresh_token'),
	('e9af218d-a505-482d-9e80-dda800a7f02a', 'f47d31ef-fac1-4bc4-80cc-ce8e8113a180', '2018-12-23 14:39:20.000000', '2018-12-30 14:39:20.000000', '8c492d66-aeb5-43e5-bf32-3f2b3ce93f5f', '06f7f3b1-0396-4a85-8e77-341594d3f8c4', NULL, NULL, NULL, 'valid', '19', 'refresh_token'),
	('e9af218d-a505-482d-9e80-dda800a7f02a', 'b4aabbe4-a9bb-4794-ab6e-86b91ac8de8b', '2019-03-11 08:03:11.000000', '2019-03-18 08:03:11.000000', 'f27d794c-fa8c-43a3-8bf9-31ea47b7987b', '18b9d619-5d4a-481e-855b-be4fc0c99bfb', NULL, NULL, NULL, 'valid', '23', 'refresh_token'),
	('e9af218d-a505-482d-9e80-dda800a7f02a', 'f2761a02-3ef6-44be-9297-a4043896532d', '2018-12-18 14:37:35.000000', '2018-12-25 14:52:36.000000', 'c00e71c3-6bd5-4784-ad4c-d7da2d71c72f', '2bb80951-a951-42e7-901b-4477ea210fc0', NULL, NULL, NULL, 'valid', '22', 'refresh_token'),
	('e9af218d-a505-482d-9e80-dda800a7f02a', '05fc7c94-3416-49a4-89c0-b7dc2a8f74e0', '2018-12-18 12:47:50.000000', '2018-12-25 12:47:50.000000', '7bb2fdfb-bf4b-4da3-860c-7770af0981dc', '565714fc-0834-4ce7-a46b-4812f419318a', NULL, NULL, NULL, 'valid', '19', 'refresh_token'),
	('e9af218d-a505-482d-9e80-dda800a7f02a', '03ab1e4e-4445-4b14-b72b-e9681ea358af', '2019-01-21 19:18:00.000000', '2019-01-28 19:18:00.000000', '79ff090f-366a-4c5e-9421-8add6f040815', '69b37661-4910-4bfb-bbbe-1f4423421809', NULL, NULL, NULL, 'valid', '19', 'refresh_token'),
	('e9af218d-a505-482d-9e80-dda800a7f02a', 'd91f2bc9-59e5-4a9a-be51-b8ff823990c1', '2018-12-18 13:15:33.000000', '2018-12-25 13:15:33.000000', '86b1f558-94f2-45e3-bf2f-21ce69c0bbe3', '6af6b5c4-7ad0-474f-8965-bc10f7ee8109', NULL, NULL, NULL, 'valid', '20', 'refresh_token'),
	('e9af218d-a505-482d-9e80-dda800a7f02a', '2d59d5e7-7b3b-428e-9920-2ed2fea08929', '2019-01-21 19:17:24.000000', '2019-01-28 19:17:24.000000', 'd025a1a3-24c4-48cf-9967-36d8105a0fd1', '7329a0e7-d01e-4c49-8de9-dd80323e5206', NULL, NULL, NULL, 'valid', '19', 'refresh_token'),
	('e9af218d-a505-482d-9e80-dda800a7f02a', 'f110a232-c088-4edd-9964-54ffb282797c', '2019-01-08 10:13:32.000000', '2019-01-15 10:13:32.000000', '726121ac-197e-47a4-b523-a236675e8ac2', '9084edf2-bde7-49b1-841e-001cdef89658', NULL, NULL, NULL, 'valid', '19', 'refresh_token'),
	('e9af218d-a505-482d-9e80-dda800a7f02a', '71796b38-3ff9-4186-aab4-88e702a61911', '2018-12-19 08:10:59.000000', '2018-12-26 08:10:59.000000', '51a46adf-0d1a-44b7-a260-b28947a6c247', 'a8715b0f-fd7c-426e-91bd-d7efd48cd2a3', NULL, NULL, NULL, 'valid', '19', 'refresh_token'),
	('e9af218d-a505-482d-9e80-dda800a7f02a', '183b0abb-0844-4325-8a59-8590122f5e98', '2018-12-19 06:41:12.000000', '2018-12-26 06:41:12.000000', 'f1611319-1311-49ec-be54-fdec18b1efa8', 'b60f74dc-78c0-4122-9efd-71859f677be1', NULL, NULL, NULL, 'valid', '19', 'refresh_token'),
	('e9af218d-a505-482d-9e80-dda800a7f02a', 'bfa04694-5fc4-4653-8cd5-684a704ba459', '2018-12-23 08:22:51.000000', '2018-12-30 09:16:52.000000', '5a22761e-d8a0-4385-b8e2-5beb7203602b', 'c83a594b-2244-481b-bbc7-08cdf40a3acf', NULL, NULL, NULL, 'valid', '19', 'refresh_token'),
	('e9af218d-a505-482d-9e80-dda800a7f02a', '49019088-b1f6-49f4-b811-0c31cef5cd59', '2018-12-19 08:33:54.000000', '2018-12-26 08:33:54.000000', '5d497f0a-6be7-48f6-8a2f-af7a50dbc8bd', 'dddd7360-9280-44bd-afb3-4fb946cf3f74', NULL, NULL, NULL, 'valid', '19', 'refresh_token'),
	('e9af218d-a505-482d-9e80-dda800a7f02a', '172bf3bf-e689-449e-91ef-7fcfe01cef56', '2019-01-17 16:54:49.000000', '2019-01-24 16:54:49.000000', 'db28200c-639a-4c11-92ba-e6d82d9fcfee', 'e244b463-34e6-4fc0-81b5-50801ff1e179', NULL, NULL, NULL, 'valid', '19', 'refresh_token'),
	('e9af218d-a505-482d-9e80-dda800a7f02a', 'f0f6b150-24e5-4300-b502-2eac2df93909', '2018-12-23 08:15:21.000000', '2018-12-30 08:15:21.000000', '6c758bf3-319c-49de-9dae-573f341f8f33', 'edf627c5-3a6b-4096-8f77-493edbf90b5f', NULL, NULL, NULL, 'valid', '22', 'refresh_token'),
	('e9af218d-a505-482d-9e80-dda800a7f02a', '81099376-e30f-4c4c-8f26-a8a50e9e2a0b', '2019-02-01 11:29:42.000000', '2019-02-08 11:29:42.000000', 'f7193b80-2ca6-46d4-84dc-5cfe1a160291', 'f0c05080-3503-4da7-8c7c-3a2eb6f11493', NULL, NULL, NULL, 'valid', '19', 'refresh_token'),
	('e9af218d-a505-482d-9e80-dda800a7f02a', '6624328e-f4d9-4826-aa34-8ad5af02a7d5', '2019-01-14 11:54:13.000000', '2019-01-21 11:54:13.000000', '85e2a168-8c40-403b-a087-f7d1f5a6935d', 'f2682790-9c5f-4af7-9e7c-5a3db7948d9b', NULL, NULL, NULL, 'valid', '19', 'refresh_token'),
	('e9af218d-a505-482d-9e80-dda800a7f02a', '3d115362-6c46-49e6-a0b3-332fc85e3114', '2019-01-21 19:15:38.000000', '2019-01-28 19:17:04.000000', '2a1818fa-9f7b-4df7-a6ef-2c144e9fab62', 'fbc8738c-8425-4ae1-bf5e-49dd1ac38812', NULL, NULL, NULL, 'valid', '19', 'refresh_token'),
	('e9af218d-a505-482d-9e80-dda800a7f02a', 'ac3a6c2c-f704-4ef2-9926-fab9757deba3', '2018-12-18 13:42:01.000000', '2018-12-25 13:42:01.000000', 'aa3588ca-6bea-4ac5-82b4-358140ac851c', 'fd4e531f-0dbb-473b-ac48-46d63ba89298', NULL, NULL, NULL, 'valid', '23', 'refresh_token');
/*!40000 ALTER TABLE `openiddicttokens` ENABLE KEYS */;

-- Dumping structure for table ecologi.orders
CREATE TABLE IF NOT EXISTS `orders` (
  `Id` int(11) NOT NULL AUTO_INCREMENT,
  `UserId` int(11) NOT NULL,
  `AccessoriesList` varchar(255) NOT NULL,
  `Status` tinyint(4) NOT NULL,
  `DeleteDate` datetime NOT NULL,
  PRIMARY KEY (`Id`),
  UNIQUE KEY `Id_UNIQUE` (`Id`),
  KEY `FK_Orders_UserId_idx` (`UserId`),
  CONSTRAINT `FK_Orders_UserId` FOREIGN KEY (`UserId`) REFERENCES `users` (`UserId`)
) ENGINE=InnoDB AUTO_INCREMENT=73 DEFAULT CHARSET=utf8;

-- Dumping data for table ecologi.orders: ~0 rows (approximately)
/*!40000 ALTER TABLE `orders` DISABLE KEYS */;
/*!40000 ALTER TABLE `orders` ENABLE KEYS */;

-- Dumping structure for table ecologi.orderstimerange
CREATE TABLE IF NOT EXISTS `orderstimerange` (
  `Id` int(11) NOT NULL AUTO_INCREMENT,
  `OrderId` int(11) NOT NULL,
  `EntityId` int(11) NOT NULL,
  `StartDate` datetime NOT NULL,
  `EndDate` datetime NOT NULL,
  `Title` varchar(255) DEFAULT NULL,
  PRIMARY KEY (`Id`),
  UNIQUE KEY `Id_UNIQUE` (`Id`),
  KEY `FK_OrdersTimeRange_OrderId_idx` (`OrderId`),
  KEY `FK_OrdersTimeRange_EntityId_Idx` (`EntityId`),
  CONSTRAINT `FK_OrdersTimeRange_EntityId` FOREIGN KEY (`EntityId`) REFERENCES `entities` (`EntityId`) ON DELETE NO ACTION ON UPDATE NO ACTION,
  CONSTRAINT `FK_OrdersTimeRange_OrderId` FOREIGN KEY (`OrderId`) REFERENCES `orders` (`Id`) ON DELETE NO ACTION ON UPDATE NO ACTION
) ENGINE=InnoDB AUTO_INCREMENT=2295 DEFAULT CHARSET=utf8;

-- Dumping data for table ecologi.orderstimerange: ~0 rows (approximately)
/*!40000 ALTER TABLE `orderstimerange` DISABLE KEYS */;
/*!40000 ALTER TABLE `orderstimerange` ENABLE KEYS */;

-- Dumping structure for table ecologi.prices
CREATE TABLE IF NOT EXISTS `prices` (
  `Id` int(11) NOT NULL AUTO_INCREMENT,
  `EntityId` int(11) NOT NULL,
  `OfficeId` int(11) NOT NULL,
  `TimeStart` varchar(20) NOT NULL,
  `TimeEnd` varchar(20) NOT NULL,
  `CostPerHour` decimal(9,4) NOT NULL,
  PRIMARY KEY (`Id`),
  KEY `FK_Prices_EntityId_idx` (`EntityId`),
  KEY `FK_Prices_OfficeId_idx` (`OfficeId`),
  CONSTRAINT `FK_Prices_EntityId` FOREIGN KEY (`EntityId`) REFERENCES `entities` (`EntityId`),
  CONSTRAINT `FK_Prices_OfficeId` FOREIGN KEY (`OfficeId`) REFERENCES `offices` (`OfficeId`)
) ENGINE=InnoDB AUTO_INCREMENT=7 DEFAULT CHARSET=utf16;

-- Dumping data for table ecologi.prices: ~6 rows (approximately)
/*!40000 ALTER TABLE `prices` DISABLE KEYS */;
INSERT INTO `prices` (`Id`, `EntityId`, `OfficeId`, `TimeStart`, `TimeEnd`, `CostPerHour`) VALUES
	(1, 10, 5, '09:00', '14:00', 3.0000),
	(2, 10, 5, '14:00', '20:00', 5.0000),
	(3, 10, 5, '20:00', '23:00', 1.0000),
	(4, 0, 0, '09:00', '12:00', 2.0000),
	(5, 0, 0, '12:00', '19:00', 5.5000),
	(6, 0, 0, '19:00', '23:00', 1.5000);
/*!40000 ALTER TABLE `prices` ENABLE KEYS */;

-- Dumping structure for table ecologi.roles
CREATE TABLE IF NOT EXISTS `roles` (
  `RoleId` int(11) NOT NULL AUTO_INCREMENT,
  `Name` varchar(256) DEFAULT NULL,
  `NormalizedName` varchar(256) DEFAULT NULL,
  `ConcurrencyStamp` longtext DEFAULT NULL,
  PRIMARY KEY (`RoleId`),
  UNIQUE KEY `RoleNameIndex` (`NormalizedName`)
) ENGINE=InnoDB AUTO_INCREMENT=4 DEFAULT CHARSET=utf8;

-- Dumping data for table ecologi.roles: ~2 rows (approximately)
/*!40000 ALTER TABLE `roles` DISABLE KEYS */;
INSERT INTO `roles` (`RoleId`, `Name`, `NormalizedName`, `ConcurrencyStamp`) VALUES
	(1, 'admin', 'ADMIN', '52f63f8b-ba28-42ea-a3e9-bbcf4933c62b'),
	(3, 'user', 'USER', '755f69af-fd2d-44bf-952f-947693c2a77e');
/*!40000 ALTER TABLE `roles` ENABLE KEYS */;

-- Dumping structure for table ecologi.transactions
CREATE TABLE IF NOT EXISTS `transactions` (
  `Id` int(11) NOT NULL AUTO_INCREMENT,
  `UserId` int(11) NOT NULL,
  `TransactionId` varchar(45) NOT NULL,
  `Time` datetime NOT NULL,
  `Description` varchar(255) NOT NULL,
  `TotalAmountFee` decimal(9,4) NOT NULL,
  `TotalAmountNet` decimal(9,4) NOT NULL,
  PRIMARY KEY (`Id`),
  UNIQUE KEY `ID_UNIQUE` (`Id`),
  KEY `FK_Transactions_UserId_idx` (`UserId`),
  CONSTRAINT `FK_Transactions_UserId` FOREIGN KEY (`UserId`) REFERENCES `users` (`UserId`) ON DELETE NO ACTION ON UPDATE NO ACTION
) ENGINE=InnoDB AUTO_INCREMENT=5 DEFAULT CHARSET=utf8;

-- Dumping data for table ecologi.transactions: ~4 rows (approximately)
/*!40000 ALTER TABLE `transactions` DISABLE KEYS */;
INSERT INTO `transactions` (`Id`, `UserId`, `TransactionId`, `Time`, `Description`, `TotalAmountFee`, `TotalAmountNet`) VALUES
	(1, 19, 'ch_1DWLk4E22uNB0No3q1QKO5dY', '2018-11-14 14:40:32', 'Test payment', 103.4300, 100.1305),
	(2, 19, 'ch_1DWM0zE22uNB0No3JNY8J2uD', '2018-11-14 14:58:01', 'Test payment', 103.4300, 100.1305),
	(3, 19, 'ch_1DWM5yE22uNB0No3tvrw8FGg', '2018-11-14 15:03:10', 'Test payment', 103.4300, 100.1305),
	(4, 19, 'ch_1DYU6mE22uNB0No3coL70j6b', '2018-11-20 11:57:21', 'Test payment', 2.1900, 62.9400);
/*!40000 ALTER TABLE `transactions` ENABLE KEYS */;

-- Dumping structure for table ecologi.tree
CREATE TABLE IF NOT EXISTS `tree` (
  `TreeId` int(11) NOT NULL AUTO_INCREMENT,
  `ParentTreeId` int(11) DEFAULT NULL,
  `Name` varchar(80) NOT NULL,
  `Linage` varchar(900) NOT NULL,
  `Depth` smallint(6) NOT NULL,
  PRIMARY KEY (`TreeId`)
) ENGINE=InnoDB AUTO_INCREMENT=7 DEFAULT CHARSET=utf8;

-- Dumping data for table ecologi.tree: ~6 rows (approximately)
/*!40000 ALTER TABLE `tree` DISABLE KEYS */;
INSERT INTO `tree` (`TreeId`, `ParentTreeId`, `Name`, `Linage`, `Depth`) VALUES
	(1, NULL, 'tree', '/1/', 0),
	(2, 1, 'Israel', '/1/2/', 1),
	(3, 1, 'Kiev', '/1/3/', 1),
	(4, 2, 'Natanya', '/1/2/4/', 2),
	(5, 2, 'Givat Shmuel', '/1/2/5/', 2),
	(6, 2, 'Ramat Gan', '/1/2/6/', 2);
/*!40000 ALTER TABLE `tree` ENABLE KEYS */;

-- Dumping structure for table ecologi.types
CREATE TABLE IF NOT EXISTS `types` (
  `TypeId` int(11) NOT NULL AUTO_INCREMENT,
  `Name` varchar(45) NOT NULL,
  `NumOfSeats` smallint(6) NOT NULL,
  `WithWindow` bit(1) NOT NULL,
  `InternalRoom` bit(1) NOT NULL,
  `ImageURL` text NOT NULL,
  `Usage` varchar(10) NOT NULL,
  `Accesories` text NOT NULL,
  `Private` tinyint(1) NOT NULL,
  PRIMARY KEY (`TypeId`)
) ENGINE=InnoDB AUTO_INCREMENT=5 DEFAULT CHARSET=utf8;

-- Dumping data for table ecologi.types: ~4 rows (approximately)
/*!40000 ALTER TABLE `types` DISABLE KEYS */;
INSERT INTO `types` (`TypeId`, `Name`, `NumOfSeats`, `WithWindow`, `InternalRoom`, `ImageURL`, `Usage`, `Accesories`, `Private`) VALUES
	(1, 'Double win', 2, b'1', b'0', 'google.com', 'work', '0', 0),
	(2, 'Single', 1, b'0', b'1', 'google.com', 'work', '12', 0),
	(3, 'Meeting room', 4, b'0', b'0', 'google.com', 'meeting', '10', 1),
	(4, 'Conference hall', 20, b'0', b'1', 'google.com', 'conference', '0', 0);
/*!40000 ALTER TABLE `types` ENABLE KEYS */;

-- Dumping structure for table ecologi.users
CREATE TABLE IF NOT EXISTS `users` (
  `UserId` int(11) NOT NULL AUTO_INCREMENT,
  `LockoutEnabled` bit(1) NOT NULL,
  `LockoutEnd` datetime(6) DEFAULT NULL,
  `TwoFactorEnabled` bit(1) NOT NULL,
  `UserName` varchar(256) NOT NULL,
  `NormalizedUserName` varchar(256) DEFAULT NULL,
  `Email` varchar(256) DEFAULT NULL,
  `PasswordHash` longtext DEFAULT NULL,
  `SecurityStamp` longtext DEFAULT NULL,
  `ConcurrencyStamp` longtext DEFAULT NULL,
  `FirstName` varchar(256) DEFAULT NULL,
  `LastName` varchar(256) DEFAULT NULL,
  `TreeId` int(11) NOT NULL,
  PRIMARY KEY (`UserId`),
  UNIQUE KEY `UserNameIndex` (`NormalizedUserName`),
  KEY `IX_Users_TreeId` (`TreeId`),
  CONSTRAINT `FK_Users_TreeId` FOREIGN KEY (`TreeId`) REFERENCES `tree` (`TreeId`)
) ENGINE=InnoDB AUTO_INCREMENT=26 DEFAULT CHARSET=utf8;

-- Dumping data for table ecologi.users: ~6 rows (approximately)
/*!40000 ALTER TABLE `users` DISABLE KEYS */;
INSERT INTO `users` (`UserId`, `LockoutEnabled`, `LockoutEnd`, `TwoFactorEnabled`, `UserName`, `NormalizedUserName`, `Email`, `PasswordHash`, `SecurityStamp`, `ConcurrencyStamp`, `FirstName`, `LastName`, `TreeId`) VALUES
	(19, b'1', NULL, b'0', 'admin', 'ADMIN', 'test@clever-tech.co.il', 'AQAAAAEAACcQAAAAEEtZmcSABTwiDIPDzIGUlwn/3GkgDz9iR1zUuvk9o03iWRrHyXMXtzz6fuXr9QOI4g==', '7WYXHOYIQ4467IU762JDEBWJNFNY4YNG', '54d40025-4ea4-401a-894b-6e7628a7ff92', NULL, NULL, 1),
	(20, b'1', NULL, b'0', 'user', 'USER', 'a@gmail.com', 'AQAAAAEAACcQAAAAEGjWYOgR4zNhdhTdCbjnMlMwitBQlJ9BNWgG5uQ6WmSxK3Z12x3mzwi9R8/3OlHALA==', '5TJ5HFEZNMT4O2DTXDJKP5KO3RHDRAM6', '80ca93ca-f832-47c3-b50d-40fbf32fa263', NULL, NULL, 1),
	(22, b'1', NULL, b'0', 'ron', 'RON', 'ronel.hemli@gmail.com', 'AQAAAAEAACcQAAAAEBo5w6aylGIQ5Ss+JwHwT8FOTUj1KRnXobl3WFiWon5RWYEYt96K0Kp9Na76W78j4g==', 'H36HLREH34VYRUEFHDBUYX2H762QVFGN', 'b53dea6f-a7bd-4c34-be80-987ad536cce9', NULL, NULL, 1),
	(23, b'1', NULL, b'0', 'ofir', 'OFIR', 'ofir@netergi.com', 'AQAAAAEAACcQAAAAEEf1a+R57if3e54cvE6lOi9vgRz2n1dccrwlEj/xsGY1MlPi+eNNiXky84K/j3mbRw==', 'BZM5ZN67DJBWUXFMVVMOVBUNTVYRCENK', '72c8af06-42d3-42cb-98ee-e028c2be3a92', NULL, NULL, 1),
	(24, b'1', NULL, b'0', 'ami', 'AMI', 'a@gmail.com', 'AQAAAAEAACcQAAAAENopLU+TpJcuzQ1APV0V2LTKPf9FyN3yz8rIxKTa+7IWY0WvS6ZwsygSfxpKpn9/bA==', 'H2T4O5E3YNOSUTPLYDJ6JLNETTXSYMTK', '0c33e15c-3669-43bc-988b-fd49a9d32560', NULL, NULL, 1),
	(25, b'1', NULL, b'0', 'lior', 'LIOR', 'lior@gmail.com', 'AQAAAAEAACcQAAAAEFJs8w2XzBibjfWZGyYo6EqY4GoxO3pzfZEmb+AppSImwG0tkjtxiUm828/CV/hirQ==', 'J7JWRYZU7WKT4HO56F7G47DR2BOSO2P5', '47b9fdb8-e4bb-4144-a46d-9cda4c9cdce8', NULL, NULL, 1);
/*!40000 ALTER TABLE `users` ENABLE KEYS */;

-- Dumping structure for table ecologi.zone
CREATE TABLE IF NOT EXISTS `zone` (
  `id` int(11) NOT NULL AUTO_INCREMENT,
  `AreaName` varchar(45) DEFAULT NULL,
  `longitude` double DEFAULT NULL,
  `latitude` double DEFAULT NULL,
  `altitude` double DEFAULT NULL,
  `IP` varchar(15) DEFAULT NULL,
  `radius` double DEFAULT NULL,
  `MaxCapacity` int(11) DEFAULT 20,
  PRIMARY KEY (`id`)
) ENGINE=InnoDB AUTO_INCREMENT=34 DEFAULT CHARSET=utf8;

-- Dumping data for table ecologi.zone: ~11 rows (approximately)
/*!40000 ALTER TABLE `zone` DISABLE KEYS */;
INSERT INTO `zone` (`id`, `AreaName`, `longitude`, `latitude`, `altitude`, `IP`, `radius`, `MaxCapacity`) VALUES
	(1, 'Away from office', 53.2210397, 56.8336319, 0, '::1', 0, 20),
	(2, 'Meeting area', 56.8335894, 56.8336319, 0, '::1', 2.5, 20),
	(3, 'Area X', 56.8335894, 56.8336319, 0, '::1', 10.2, 20),
	(4, 'New offices', 56.8335894, 56.8336319, 0, '::1', 5.2, 20),
	(5, 'Cheap offices', 56.8335894, 56.8336319, 0, '::1', 5.5, 20),
	(6, 'Expensive offices', 56.8335894, 56.8336319, 0, '::1', 15.1, 20),
	(7, 'VIP offices', 56.8335894, 56.8336319, 0, '::1', 4.5, 20),
	(8, 'Business offices', 56.8335894, 56.8336319, 0, '::1', 3.4, 20),
	(31, 'Netergi', 34.8458, 32.0807, NULL, '82.81.247.185', 10, 5),
	(32, 'Epoc', 34.8457, 32.0806, NULL, NULL, 10, 5),
	(33, 'PB Entry - 3', NULL, NULL, NULL, NULL, NULL, 20);
/*!40000 ALTER TABLE `zone` ENABLE KEYS */;

/*!40101 SET SQL_MODE=IFNULL(@OLD_SQL_MODE, '') */;
/*!40014 SET FOREIGN_KEY_CHECKS=IF(@OLD_FOREIGN_KEY_CHECKS IS NULL, 1, @OLD_FOREIGN_KEY_CHECKS) */;
/*!40101 SET CHARACTER_SET_CLIENT=@OLD_CHARACTER_SET_CLIENT */;
